USE corona_db;
INSERT INTO `customer` VALUES ('CUS000001','123 Elm St, Springfield','1985-03-15','john.doe@example.com','John Doe','MALE','123456789',_binary '\0','password1','1234567890','ACTIVE','johndoe'),('CUS000002','456 Oak St, Springfield','1990-07-22','jane.smith@example.com','Jane Smith','FEMALE','987654321',_binary '\0','password2','0987654321','ACTIVE','janesmith'),('CUS000003','789 Pine St, Springfield','1978-11-03','bob.jones@example.com','Bob Jones','MALE','123987456',_binary '\0','password3','5678901234','ACTIVE','bobjones'),('CUS000004','321 Maple St, Springfield','1992-04-12','alice.wilson@example.com','Alice Wilson','FEMALE','789456123',_binary '\0','password4','6789012345','ACTIVE','alicewilson'),('CUS000005','654 Birch St, Springfield','1980-09-25','charlie.brown@example.com','Charlie Brown','MALE','654789321',_binary '\0','password5','7890123456','ACTIVE','charliebrown'),('CUS000006','987 Cedar St, Springfield','1985-01-05','emily.johnson@example.com','Emily Johnson','FEMALE','321654987',_binary '\0','password6','8901234567','ACTIVE','emilyjohnson'),('CUS000007','111 Walnut St, Springfield','1995-08-19','david.miller@example.com','David Miller','MALE','654321987',_binary '\0','password7','9012345678','ACTIVE','davidmiller'),('CUS000008','222 Cherry St, Springfield','1975-06-14','lisa.taylor@example.com','Lisa Taylor','FEMALE','789321654',_binary '\0','password8','0123456789','ACTIVE','lisataylor'),('CUS000009','333 Sycamore St, Springfield','1999-02-28','michael.davis@example.com','Michael Davis','MALE','963852741',_binary '\0','password9','1234509876','ACTIVE','michaeldavis'),('CUS000010','444 Ash St, Springfield','1988-12-17','sarah.moore@example.com','Sarah Moore','FEMALE','852963741',_binary '\0','password10','2345610987','ACTIVE','sarahmoore'),('CUS000011','555 Beech St, Springfield','1982-10-23','oliver.hall@example.com','Oliver Hall','MALE','159357852',_binary '\0','password11','3456709876','ACTIVE','oliverhall'),('CUS000012','666 Fir St, Springfield','1976-03-11','ava.wright@example.com','Ava Wright','FEMALE','357159852',_binary '\0','password12','4567809876','ACTIVE','avawright'),('CUS000013','777 Spruce St, Springfield','1994-05-06','liam.walker@example.com','Liam Walker','MALE','951753258',_binary '\0','password13','5678901234','ACTIVE','liamwalker'),('CUS000014','888 Palm St, Springfield','1989-09-27','mia.harris@example.com','Mia Harris','FEMALE','123852456',_binary '\0','password14','6789012345','ACTIVE','miaharris'),('CUS000015','999 Palm St, Springfield','1981-11-30','noah.young@example.com','Noah Young','MALE','258741369',_binary '\0','password15','7890123456','ACTIVE','noahyoung'),('CUS000016','321 Cypress St, Springfield','1984-04-20','olivia.king@example.com','Olivia King','FEMALE','741258963',_binary '\0','password16','8901234567','ACTIVE','oliviaking'),('CUS000017','654 Cypress St, Springfield','1992-06-14','william.baker@example.com','William Baker','MALE','963741258',_binary '\0','password17','9012345678','ACTIVE','williambaker'),('CUS000018','987 Cypress St, Springfield','1979-02-22','emma.martin@example.com','Emma Martin','FEMALE','852147963',_binary '\0','password18','0123456789','ACTIVE','emmamartin'),('CUS000019','111 Redwood St, Springfield','1987-07-18','james.lee@example.com','James Lee','MALE','741369258',_binary '\0','password19','1234509876','ACTIVE','jameslee'),('CUS000020','222 Redwood St, Springfield','1993-11-11','isabella.white@example.com','Isabella White','FEMALE','963258741',_binary '\0','password20','2345610987','ACTIVE','isabellawhite'),('CUS000021','333 Maple St, Springfield','1985-09-23','sophia.green@example.com','Sophia Green','FEMALE','321654789',_binary '\0','password21','3456709876','ACTIVE','sophiagreen'),('CUS000022','444 Elm St, Springfield','1990-01-15','jack.clark@example.com','Jack Clark','MALE','654789321',_binary '\0','password22','4567809876','ACTIVE','jackclark'),('CUS000023','555 Oak St, Springfield','1978-04-11','amelia.scott@example.com','Amelia Scott','FEMALE','789654123',_binary '\0','password23','5678901234','ACTIVE','ameliascott'),('CUS000024','666 Pine St, Springfield','1994-10-02','lucas.adams@example.com','Lucas Adams','MALE','321987654',_binary '\0','password24','6789012345','ACTIVE','lucasadams'),('CUS000025','777 Birch St, Springfield','1986-12-19','ava.diaz@example.com','Ava Diaz','FEMALE','147852369',_binary '\0','password25','7890123456','ACTIVE','avadiaz'),('CUS000026','888 Redwood St, Springfield','1991-01-25','henry.rogers@example.com','Henry Rogers','MALE','963852741',_binary '\0','password26','3456709876','ACTIVE','henryrogers'),('CUS000027','999 Redwood St, Springfield','1988-06-15','mia.james@example.com','Mia James','FEMALE','852741963',_binary '\0','password27','4567809876','ACTIVE','miajames'),('CUS000028','111 Oak St, Springfield','1977-11-29','jackson.bell@example.com','Jackson Bell','MALE','753951852',_binary '\0','password28','5678901234','ACTIVE','jacksonbell'),('CUS000029','222 Oak St, Springfield','1983-08-12','sophia.evans@example.com','Sophia Evans','FEMALE','159753456',_binary '\0','password29','6789012345','ACTIVE','sophiaevans'),('CUS000030','333 Pine St, Springfield','1996-03-07','ethan.wilson@example.com','Ethan Wilson','MALE','753159852',_binary '\0','password30','7890123456','ACTIVE','ethanwilson'),('CUS000031','444 Elm St, Springfield','1990-02-23','harper.mitchell@example.com','Harper Mitchell','FEMALE','357951852',_binary '\0','password31','8901234567','ACTIVE','harpermitchell'),('CUS000032','555 Oak St, Springfield','1984-05-30','logan.jones@example.com','Logan Jones','MALE','258963741',_binary '\0','password32','9012345678','ACTIVE','loganjones'),('CUS000033','666 Pine St, Springfield','1989-09-16','ella.williams@example.com','Ella Williams','FEMALE','123654789',_binary '\0','password33','0123456789','ACTIVE','ellawilliams'),('CUS000034','777 Birch St, Springfield','1976-12-22','liam.anderson@example.com','Liam Anderson','MALE','147258369',_binary '\0','password34','1234509876','ACTIVE','liamanderson'),('CUS000035','888 Sycamore St, Springfield','1992-11-13','charlotte.morris@example.com','Charlotte Morris','FEMALE','258741963',_binary '\0','password35','2345610987','ACTIVE','charlottemorris'),('CUS000036','999 Sycamore St, Springfield','1997-07-08','oliver.turner@example.com','Oliver Turner','MALE','369852147',_binary '\0','password36','3456709876','ACTIVE','oliverturner'),('CUS000037','111 Cedar St, Springfield','1981-03-21','amelia.parker@example.com','Amelia Parker','FEMALE','741852963',_binary '\0','password37','4567809876','ACTIVE','ameliaparker'),('CUS000038','222 Cedar St, Springfield','1983-08-05','mason.campbell@example.com','Mason Campbell','MALE','258147369',_binary '\0','password38','5678901234','ACTIVE','masoncampbell'),('CUS000039','333 Maple St, Springfield','1986-04-17','isabella.phillips@example.com','Isabella Phillips','FEMALE','159357258',_binary '\0','password39','6789012345','ACTIVE','isabellaphillips'),('CUS000040','444 Birch St, Springfield','1998-10-03','jacob.watson@example.com','Jacob Watson','MALE','753951456',_binary '\0','password40','7890123456','ACTIVE','jacobwatson'),('CUS000041','555 Palm St, Springfield','1982-06-12','emma.reed@example.com','Emma Reed','FEMALE','159456357',_binary '\0','password41','8901234567','ACTIVE','emmareed'),('CUS000042','666 Sycamore St, Springfield','1979-12-19','james.bennett@example.com','James Bennett','MALE','357951258',_binary '\0','password42','9012345678','ACTIVE','jamesbennett'),('CUS000043','777 Cedar St, Springfield','1985-03-28','ava.cooper@example.com','Ava Cooper','FEMALE','852963147',_binary '\0','password43','0123456789','ACTIVE','avacooper'),('CUS000044','888 Cedar St, Springfield','1987-07-14','lucas.bailey@example.com','Lucas Bailey','MALE','456951753',_binary '\0','password44','1234509876','ACTIVE','lucasbailey'),('CUS000045','999 Palm St, Springfield','1993-11-09','mia.brooks@example.com','Mia Brooks','FEMALE','123456789',_binary '\0','password45','2345610987','ACTIVE','miabrooks'),('CUS000046','111 Redwood St, Springfield','1984-09-25','logan.cox@example.com','Logan Cox','MALE','789123456',_binary '\0','password46','3456709876','ACTIVE','logancox'),('CUS000047','222 Elm St, Springfield','1996-05-15','sophia.hughes@example.com','Sophia Hughes','FEMALE','741852963',_binary '\0','password47','4567809876','ACTIVE','sophiahughes'),('CUS000048','333 Pine St, Springfield','1990-02-28','jackson.murphy@example.com','Jackson Murphy','MALE','963852741',_binary '\0','password48','5678901234','ACTIVE','jacksonmurphy'),('CUS000049','444 Maple St, Springfield','1988-08-10','olivia.flores@example.com','Olivia Flores','FEMALE','852963147',_binary '\0','password49','6789012345','ACTIVE','oliviaflores'),('CUS000050','555 Elm St, Springfield','1981-01-20','william.long@example.com','William Long','MALE','753159456',_binary '\0','password50','7890123456','ACTIVE','williamlong'),('CUS000051','666 Oak St, Springfield','1987-09-16','emma.patterson@example.com','Emma Patterson','FEMALE','123654789',_binary '\0','password51','8901234567','ACTIVE','emmapatterson'),('CUS000052','777 Cedar St, Springfield','1992-12-24','liam.bell@example.com','Liam Bell','MALE','456789321',_binary '\0','password52','9012345678','ACTIVE','liambell'),('CUS000053','888 Birch St, Springfield','1984-05-11','oliver.young@example.com','Oliver Young','MALE','852147369',_binary '\0','password53','0123456789','ACTIVE','oliveryoung'),('CUS000054','999 Maple St, Springfield','1979-10-31','ava.scott@example.com','Ava Scott','FEMALE','159753258',_binary '\0','password54','1234509876','ACTIVE','avascott'),('CUS000055','111 Cedar St, Springfield','1995-04-18','lucas.martinez@example.com','Lucas Martinez','MALE','753159654',_binary '\0','password55','2345610987','ACTIVE','lucasmartinez'),('CUS000056','222 Cedar St, Springfield','1983-06-27','mia.white@example.com','Mia White','FEMALE','852963741',_binary '\0','password56','3456709876','ACTIVE','miawhite'),('CUS000057','333 Pine St, Springfield','1989-03-12','jackson.martin@example.com','Jackson Martin','MALE','951753258',_binary '\0','password57','4567809876','ACTIVE','jacksonmartin'),('CUS000058','444 Birch St, Springfield','1996-09-09','olivia.lee@example.com','Olivia Lee','FEMALE','753159852',_binary '\0','password58','5678901234','ACTIVE','oliviale'),('CUS000059','555 Oak St, Springfield','1975-08-21','william.thompson@example.com','William Thompson','MALE','159357852',_binary '\0','password59','6789012345','ACTIVE','williamthompson'),('CUS000060','666 Redwood St, Springfield','1981-11-15','emma.wright@example.com','Emma Wright','FEMALE','357951852',_binary '\0','password60','7890123456','ACTIVE','emmawright'),('CUS000061','777 Palm St, Springfield','1987-02-19','logan.harris@example.com','Logan Harris','MALE','741852963',_binary '\0','password61','8901234567','ACTIVE','loganharris'),('CUS000062','888 Cedar St, Springfield','1989-05-30','harper.clark@example.com','Harper Clark','FEMALE','963852147',_binary '\0','password62','9012345678','ACTIVE','harperclark'),('CUS000063','999 Maple St, Springfield','1982-12-23','ethan.robinson@example.com','Ethan Robinson','MALE','852741963',_binary '\0','password63','0123456789','ACTIVE','ethanrobinson'),('CUS000064','111 Birch St, Springfield','1991-06-11','mia.hall@example.com','Mia Hall','FEMALE','147258369',_binary '\0','password64','1234509876','ACTIVE','miahall'),('CUS000065','222 Elm St, Springfield','1984-03-25','jackson.walker@example.com','Jackson Walker','MALE','963852741',_binary '\0','password65','2345610987','ACTIVE','jacksonwalker'),('CUS000066','333 Sycamore St, Springfield','1994-10-16','oliver.allen@example.com','Oliver Allen','MALE','753951258',_binary '\0','password66','3456709876','ACTIVE','oliverallen'),('CUS000067','444 Cedar St, Springfield','1997-01-09','ava.king@example.com','Ava King','FEMALE','258741369',_binary '\0','password67','4567809876','ACTIVE','avaking'),('CUS000068','555 Pine St, Springfield','1986-08-28','sophia.hill@example.com','Sophia Hill','FEMALE','123852456',_binary '\0','password68','5678901234','ACTIVE','sophiahill'),('CUS000069','666 Elm St, Springfield','1990-07-07','liam.moore@example.com','Liam Moore','MALE','951753258',_binary '\0','password69','6789012345','ACTIVE','liammoore'),('CUS000070','777 Cedar St, Springfield','1983-09-18','emma.young@example.com','Emma Young','FEMALE','456789321',_binary '\0','password70','7890123456','ACTIVE','emmayoung'),('CUS000071','888 Birch St, Springfield','1989-12-03','logan.lee@example.com','Logan Lee','MALE','753951456',_binary '\0','password71','8901234567','ACTIVE','loganlee'),('CUS000072','999 Sycamore St, Springfield','1991-04-20','mia.scott@example.com','Mia Scott','FEMALE','159753258',_binary '\0','password72','9012345678','ACTIVE','miascott'),('CUS000073','111 Maple St, Springfield','1988-02-11','jackson.white@example.com','Jackson White','MALE','852963741',_binary '\0','password73','0123456789','ACTIVE','jacksonwhite'),('CUS000074','222 Palm St, Springfield','1992-05-24','sophia.thomas@example.com','Sophia Thomas','FEMALE','963852147',_binary '\0','password74','1234509876','ACTIVE','sophiathomas'),('CUS000075','333 Sycamore St, Springfield','1985-10-31','liam.johnson@example.com','Liam Johnson','MALE','258741963',_binary '\0','password75','2345610987','ACTIVE','liamjohnson'),('CUS000076','444 Elm St, Springfield','1996-06-14','emma.jones@example.com','Emma Jones','FEMALE','123456789',_binary '\0','password76','3456709876','ACTIVE','emmajones'),('CUS000077','555 Oak St, Springfield','1977-03-23','logan.martin@example.com','Logan Martin','MALE','456789321',_binary '\0','password77','4567809876','ACTIVE','loganmartin'),('CUS000078','666 Cedar St, Springfield','1993-11-19','mia.lee@example.com','Mia Lee','FEMALE','951753258',_binary '\0','password78','5678901234','ACTIVE','mialee'),('CUS000079','777 Redwood St, Springfield','1980-09-15','liam.clark@example.com','Liam Clark','MALE','852963741',_binary '\0','password79','6789012345','ACTIVE','liamclark'),('CUS000080','888 Birch St, Springfield','1991-01-27','sophia.wright@example.com','Sophia Wright','FEMALE','147852369',_binary '\0','password80','7890123456','ACTIVE','sophiawright'),('CUS000081','999 Oak St, Springfield','1984-07-09','emma.robinson@example.com','Emma Robinson','FEMALE','258741963',_binary '\0','password81','8901234567','ACTIVE','emmarobinson'),('CUS000082','111 Maple St, Springfield','1992-02-17','jackson.brown@example.com','Jackson Brown','MALE','159357852',_binary '\0','password82','9012345678','ACTIVE','jacksonbrown'),('CUS000083','222 Birch St, Springfield','1986-12-30','sophia.miller@example.com','Sophia Miller','FEMALE','753951852',_binary '\0','password83','0123456789','ACTIVE','sophiamiller'),('CUS000084','333 Pine St, Springfield','1995-08-11','liam.wilson@example.com','Liam Wilson','MALE','147258963',_binary '\0','password84','1234509876','ACTIVE','liamwilson'),('CUS000085','444 Cedar St, Springfield','1978-03-07','emma.davis@example.com','Emma Davis','FEMALE','258963741',_binary '\0','password85','2345610987','ACTIVE','emmadavis'),('CUS000086','555 Elm St, Springfield','1990-06-19','logan.martinez@example.com','Logan Martinez','MALE','963852741',_binary '\0','password86','3456709876','ACTIVE','loganmartinez'),('CUS000087','666 Sycamore St, Springfield','1997-12-14','sophia.anderson@example.com','Sophia Anderson','FEMALE','852741963',_binary '\0','password87','4567809876','ACTIVE','sophiaanderson'),('CUS000088','777 Oak St, Springfield','1982-11-21','liam.miller@example.com','Liam Miller','MALE','753159852',_binary '\0','password88','5678901234','ACTIVE','liammiller'),('CUS000089','888 Palm St, Springfield','1981-04-18','emma.martin@example.com','Emma Martin','FEMALE','159753258',_binary '\0','password89','6789012345','ACTIVE','emmamartin'),('CUS000090','999 Cedar St, Springfield','1993-09-12','jackson.robinson@example.com','Jackson Robinson','MALE','258741369',_binary '\0','password90','7890123456','ACTIVE','jacksonrobinson'),('CUS000091','111 Oak St, Springfield','1987-10-08','sophia.hughes@example.com','Sophia Hughes','FEMALE','963852147',_binary '\0','password91','8901234567','ACTIVE','sophiahughes'),('CUS000092','222 Cedar St, Springfield','1979-05-25','liam.patterson@example.com','Liam Patterson','MALE','852741963',_binary '\0','password92','9012345678','ACTIVE','liampatterson'),('CUS000093','333 Pine St, Springfield','1990-02-18','emma.morris@example.com','Emma Morris','FEMALE','753951456',_binary '\0','password93','0123456789','ACTIVE','emmamorris'),('CUS000094','444 Elm St, Springfield','1985-06-13','jackson.hall@example.com','Jackson Hall','MALE','147258369',_binary '\0','password94','1234509876','ACTIVE','jacksonhall'),('CUS000095','555 Oak St, Springfield','1991-07-28','sophia.wilson@example.com','Sophia Wilson','FEMALE','258741963',_binary '\0','password95','2345610987','ACTIVE','sophiawilson'),('CUS000096','666 Sycamore St, Springfield','1989-03-05','liam.wood@example.com','Liam Wood','MALE','963852741',_binary '\0','password96','3456709876','ACTIVE','liamwood'),('CUS000097','777 Cedar St, Springfield','1994-11-30','emma.taylor@example.com','Emma Taylor','FEMALE','852741963',_binary '\0','password97','4567809876','ACTIVE','emmataylor'),('CUS000098','888 Birch St, Springfield','1983-07-17','jackson.green@example.com','Jackson Green','MALE','753159852',_binary '\0','password98','5678901234','ACTIVE','jacksongreen'),('CUS000099','999 Elm St, Springfield','1996-10-09','sophia.baker@example.com','Sophia Baker','FEMALE','159753258',_binary '\0','password99','6789012345','ACTIVE','sophiabaker'),('CUS000100','111 Sycamore St, Springfield','1991-05-12','liam.wright@example.com','Liam Wright','MALE','258741369',_binary '\0','password100','7890123456','ACTIVE','liamwright');
INSERT INTO `employee` VALUES ('EMP000001','123 Elm St, Springfield','1985-03-15','john.doe@company.com',1,'0046bee8-6298-46ce-9b98-fb72a379b971_9d0a16f20fe43da383897cf31ed00675.png',_binary '\0','John Doe','$2a$12$QTIJyMQLqNuMrphq58YF5.EEfMTktYS0D39evQQ.zjI4vlW0ian8S','1234567890','Manager','user1','Head Office'),('EMP000002','456 Oak St, Springfield','1990-07-22','jane.smith@company.com',0,'jane_smith.jpg',_binary '\0','Jane Smith','password2','0987654321','Assistant Manager','janesmith','Branch Office'),('EMP000003','789 Pine St, Springfield','1978-11-03','bob.jones@company.com',1,'bob_jones.jpg',_binary '\0','Bob Jones','password3','5678901234','HR Specialist','bobjones','Head Office'),('EMP000004','321 Maple St, Springfield','1992-04-12','alice.wilson@company.com',0,'alice_wilson.jpg',_binary '\0','Alice Wilson','password4','6789012345','IT Specialist','alicewilson','Branch Office'),('EMP000005','654 Birch St, Springfield','1980-09-25','charlie.brown@company.com',1,'charlie_brown.jpg',_binary '\0','Charlie Brown','password5','7890123456','Sales Executive','charliebrown','Sales Office'),('EMP000006','987 Cedar St, Springfield','1985-01-05','emily.johnson@company.com',0,'emily_johnson.jpg',_binary '\0','Emily Johnson','password6','8901234567','Marketing Executive','emilyjohnson','Head Office'),('EMP000007','111 Walnut St, Springfield','1995-08-19','david.miller@company.com',1,'david_miller.jpg',_binary '\0','David Miller','password7','9012345678','Finance Officer','davidmiller','Branch Office'),('EMP000008','222 Cherry St, Springfield','1975-06-14','lisa.taylor@company.com',0,'lisa_taylor.jpg',_binary '\0','Lisa Taylor','password8','0123456789','Logistics Coordinator','lisataylor','Warehouse'),('EMP000009','333 Sycamore St, Springfield','1999-02-28','michael.davis@company.com',1,'michael_davis.jpg',_binary '\0','Michael Davis','password9','1234509876','Admin Assistant','michaeldavis','Head Office'),('EMP000010','444 Ash St, Springfield','1988-12-17','sarah.moore@company.com',0,'sarah_moore.jpg',_binary '\0','Sarah Moore','password10','2345610987','Customer Service Officer','sarahmoore','Branch Office'),('EMP000011','555 Beech St, Springfield','1982-10-23','oliver.hall@company.com',1,'oliver_hall.jpg',_binary '\0','Oliver Hall','password11','3456709876','Legal Advisor','oliverhall','Head Office'),('EMP000012','666 Fir St, Springfield','1976-03-11','ava.wright@company.com',0,'ava_wright.jpg',_binary '\0','Ava Wright','password12','4567809876','Project Manager','avawright','Project Office'),('EMP000013','777 Spruce St, Springfield','1994-05-06','liam.walker@company.com',1,'liam_walker.jpg',_binary '\0','Liam Walker','password13','5678901234','Product Manager','liamwalker','Head Office'),('EMP000014','888 Palm St, Springfield','1989-09-27','mia.harris@company.com',0,'mia_harris.jpg',_binary '\0','Mia Harris','password14','6789012345','HR Manager','miaharris','Branch Office'),('EMP000015','999 Redwood St, Springfield','1981-11-30','noah.young@company.com',1,'noah_young.jpg',_binary '\0','Noah Young','password15','7890123456','IT Support','noahyoung','Head Office'),('EMP000016','321 Cypress St, Springfield','1984-04-20','olivia.king@company.com',0,'olivia_king.jpg',_binary '\0','Olivia King','password16','8901234567','Marketing Manager','oliviaking','Marketing Office'),('EMP000017','654 Cypress St, Springfield','1992-06-14','william.baker@company.com',1,'william_baker.jpg',_binary '\0','William Baker','password17','9012345678','Business Analyst','williambaker','Branch Office'),('EMP000018','987 Cypress St, Springfield','1979-02-22','emma.martin@company.com',0,'emma_martin.jpg',_binary '\0','Emma Martin','password18','0123456789','Operations Manager','emmamartin','Operations Office'),('EMP000019','111 Redwood St, Springfield','1987-07-18','james.lee@company.com',1,'james_lee.jpg',_binary '\0','James Lee','password19','1234509876','Compliance Officer','jameslee','Head Office'),('EMP000020','222 Redwood St, Springfield','1993-11-11','isabella.white@company.com',0,'isabella_white.jpg',_binary '\0','Isabella White','password20','2345610987','Sales Assistant','isabellawhite','Sales Office'),('EMP000021','333 Palm St, Springfield','1985-09-23','sophia.green@company.com',0,'sophia_green.jpg',_binary '\0','Sophia Green','password21','3456709876','HR Specialist','sophiagreen','Head Office'),('EMP000022','444 Elm St, Springfield','1990-01-15','jack.clark@company.com',1,'jack_clark.jpg',_binary '\0','Jack Clark','password22','4567809876','IT Administrator','jackclark','IT Office'),('EMP000023','555 Oak St, Springfield','1978-04-11','amelia.scott@company.com',0,'amelia_scott.jpg',_binary '\0','Amelia Scott','password23','5678901234','Legal Assistant','ameliascott','Head Office'),('EMP000024','666 Pine St, Springfield','1994-10-02','lucas.adams@company.com',1,'lucas_adams.jpg',_binary '\0','Lucas Adams','password24','6789012345','Sales Manager','lucasadams','Sales Office'),('EMP000025','777 Birch St, Springfield','1986-12-19','ava.diaz@company.com',0,'ava_diaz.jpg',_binary '\0','Ava Diaz','password25','7890123456','Marketing Coordinator','avadiaz','Marketing Office'),('EMP000026','888 Redwood St, Springfield','1991-01-25','henry.rogers@company.com',1,'henry_rogers.jpg',_binary '\0','Henry Rogers','password26','3456709876','HR Assistant','henryrogers','Head Office'),('EMP000027','999 Redwood St, Springfield','1988-06-15','mia.james@company.com',0,'mia_james.jpg',_binary '\0','Mia James','password27','4567809876','IT Support','miajames','IT Office'),('EMP000028','111 Oak St, Springfield','1977-11-29','jackson.bell@company.com',1,'jackson_bell.jpg',_binary '\0','Jackson Bell','password28','5678901234','Operations Manager','jacksonbell','Operations Office'),('EMP000029','222 Oak St, Springfield','1983-08-12','sophia.evans@company.com',0,'sophia_evans.jpg',_binary '\0','Sophia Evans','password29','6789012345','Compliance Officer','sophiaevans','Compliance Office'),('EMP000030','333 Pine St, Springfield','1996-03-07','ethan.wilson@company.com',1,'ethan_wilson.jpg',_binary '\0','Ethan Wilson','password30','7890123456','IT Manager','ethanwilson','IT Office'),('EMP000031','444 Elm St, Springfield','1990-02-23','harper.mitchell@company.com',0,'harper_mitchell.jpg',_binary '\0','Harper Mitchell','password31','8901234567','Marketing Manager','harpermitchell','Marketing Office'),('EMP000032','555 Oak St, Springfield','1984-05-30','logan.jones@company.com',1,'logan_jones.jpg',_binary '\0','Logan Jones','password32','9012345678','Customer Service Manager','loganjones','Customer Service Office'),('EMP000033','666 Pine St, Springfield','1989-09-16','ella.williams@company.com',0,'ella_williams.jpg',_binary '\0','Ella Williams','password33','0123456789','Finance Manager','ellawilliams','Finance Office'),('EMP000034','777 Birch St, Springfield','1976-12-22','liam.anderson@company.com',1,'liam_anderson.jpg',_binary '\0','Liam Anderson','password34','1234509876','Logistics Manager','liamanderson','Logistics Office'),('EMP000035','888 Sycamore St, Springfield','1992-11-13','charlotte.morris@company.com',0,'charlotte_morris.jpg',_binary '\0','Charlotte Morris','password35','2345610987','Sales Representative','charlottemorris','Sales Office'),('EMP000036','999 Sycamore St, Springfield','1997-07-08','oliver.turner@company.com',1,'oliver_turner.jpg',_binary '\0','Oliver Turner','password36','3456709876','Legal Specialist','oliverturner','Head Office'),('EMP000037','111 Cedar St, Springfield','1981-03-21','amelia.parker@company.com',0,'amelia_parker.jpg',_binary '\0','Amelia Parker','password37','4567809876','HR Manager','ameliaparker','HR Office'),('EMP000038','222 Cedar St, Springfield','1983-08-05','mason.campbell@company.com',1,'mason_campbell.jpg',_binary '\0','Mason Campbell','password38','5678901234','Operations Supervisor','masoncampbell','Operations Office'),('EMP000039','333 Maple St, Springfield','1986-04-17','isabella.phillips@company.com',0,'isabella_phillips.jpg',_binary '\0','Isabella Phillips','password39','6789012345','HR Assistant','isabellaphillips','Head Office'),('EMP000040','444 Birch St, Springfield','1998-10-03','jacob.watson@company.com',1,'jacob_watson.jpg',_binary '\0','Jacob Watson','password40','7890123456','Admin Officer','jacobwatson','Admin Office'),('EMP000041','555 Palm St, Springfield','1982-06-12','emma.reed@company.com',0,'emma_reed.jpg',_binary '\0','Emma Reed','password41','8901234567','Project Coordinator','emmareed','Project Office'),('EMP000042','666 Sycamore St, Springfield','1979-12-19','james.bennett@company.com',1,'james_bennett.jpg',_binary '\0','James Bennett','password42','9012345678','Project Manager','jamesbennett','Project Office'),('EMP000043','777 Cedar St, Springfield','1985-03-28','ava.cooper@company.com',0,'ava_cooper.jpg',_binary '\0','Ava Cooper','password43','0123456789','HR Officer','avacooper','HR Office'),('EMP000044','888 Cedar St, Springfield','1987-07-14','lucas.bailey@company.com',1,'lucas_bailey.jpg',_binary '\0','Lucas Bailey','password44','1234509876','IT Specialist','lucasbailey','IT Office'),('EMP000045','999 Palm St, Springfield','1993-11-09','mia.brooks@company.com',0,'mia_brooks.jpg',_binary '\0','Mia Brooks','password45','2345610987','Customer Service Representative','miabrooks','Customer Service Office'),('EMP000046','111 Redwood St, Springfield','1984-09-25','logan.cox@company.com',1,'logan_cox.jpg',_binary '\0','Logan Cox','password46','3456709876','Legal Assistant','logancox','Legal Office'),('EMP000047','222 Elm St, Springfield','1996-05-15','sophia.hughes@company.com',0,'sophia_hughes.jpg',_binary '\0','Sophia Hughes','password47','4567809876','Marketing Assistant','sophiahughes','Marketing Office'),('EMP000048','333 Pine St, Springfield','1990-02-28','jackson.murphy@company.com',1,'jackson_murphy.jpg',_binary '\0','Jackson Murphy','password48','5678901234','Logistics Coordinator','jacksonmurphy','Logistics Office'),('EMP000049','444 Maple St, Springfield','1988-08-10','olivia.flores@company.com',0,'olivia_flores.jpg',_binary '\0','Olivia Flores','password49','6789012345','HR Coordinator','oliviaflores','HR Office'),('EMP000050','555 Elm St, Springfield','1981-01-20','william.long@company.com',1,'william_long.jpg',_binary '\0','William Long','password50','7890123456','Finance Assistant','williamlong','Finance Office'),('EMP000051','666 Oak St, Springfield','1987-09-16','emma.patterson@company.com',0,'emma_patterson.jpg',_binary '\0','Emma Patterson','password51','8901234567','Admin Assistant','emmapatterson','Admin Office'),('EMP000052','777 Cedar St, Springfield','1992-12-24','liam.bell@company.com',1,'liam_bell.jpg',_binary '\0','Liam Bell','password52','9012345678','IT Support','liambell','IT Office'),('EMP000053','888 Birch St, Springfield','1984-05-11','oliver.young@company.com',1,'oliver_young.jpg',_binary '\0','Oliver Young','password53','0123456789','Finance Officer','oliveryoung','Finance Office'),('EMP000054','999 Maple St, Springfield','1979-10-31','ava.scott@company.com',0,'ava_scott.jpg',_binary '\0','Ava Scott','password54','1234509876','HR Officer','avascott','HR Office'),('EMP000055','111 Cedar St, Springfield','1995-04-18','lucas.martinez@company.com',1,'lucas_martinez.jpg',_binary '\0','Lucas Martinez','password55','2345610987','Sales Executive','lucasmartinez','Sales Office'),('EMP000056','222 Cedar St, Springfield','1983-06-27','mia.white@company.com',0,'mia_white.jpg',_binary '\0','Mia White','password56','3456709876','Marketing Executive','miawhite','Marketing Office'),('EMP000057','333 Pine St, Springfield','1989-03-12','jackson.martin@company.com',1,'jackson_martin.jpg',_binary '\0','Jackson Martin','password57','4567809876','Operations Manager','jacksonmartin','Operations Office'),('EMP000058','444 Birch St, Springfield','1996-09-09','olivia.lee@company.com',0,'olivia_lee.jpg',_binary '\0','Olivia Lee','password58','5678901234','Customer Service Officer','oliviale','Customer Service Office'),('EMP000059','555 Oak St, Springfield','1975-08-21','william.thompson@company.com',1,'william_thompson.jpg',_binary '\0','William Thompson','password59','6789012345','Finance Manager','williamthompson','Finance Office'),('EMP000060','666 Redwood St, Springfield','1981-11-15','emma.wright@company.com',0,'emma_wright.jpg',_binary '\0','Emma Wright','password60','7890123456','HR Specialist','emmawright','HR Office'),('EMP000061','777 Palm St, Springfield','1987-02-19','logan.harris@company.com',1,'logan_harris.jpg',_binary '\0','Logan Harris','password61','8901234567','Operations Officer','loganharris','Operations Office'),('EMP000062','888 Cedar St, Springfield','1989-05-30','harper.clark@company.com',0,'harper_clark.jpg',_binary '\0','Harper Clark','password62','9012345678','Customer Support','harperclark','Customer Service Office'),('EMP000063','999 Maple St, Springfield','1982-12-23','ethan.robinson@company.com',1,'ethan_robinson.jpg',_binary '\0','Ethan Robinson','password63','0123456789','IT Manager','ethanrobinson','IT Office'),('EMP000064','111 Birch St, Springfield','1991-06-11','mia.hall@company.com',0,'mia_hall.jpg',_binary '\0','Mia Hall','password64','1234509876','Admin Officer','miahall','Admin Office'),('EMP000065','222 Elm St, Springfield','1984-03-25','jackson.walker@company.com',1,'jackson_walker.jpg',_binary '\0','Jackson Walker','password65','2345610987','Sales Representative','jacksonwalker','Sales Office'),('EMP000066','333 Sycamore St, Springfield','1994-10-16','oliver.allen@company.com',1,'oliver_allen.jpg',_binary '\0','Oliver Allen','password66','3456709876','Legal Officer','oliverallen','Legal Office'),('EMP000067','444 Cedar St, Springfield','1997-01-09','ava.king@company.com',0,'ava_king.jpg',_binary '\0','Ava King','password67','4567809876','Marketing Assistant','avaking','Marketing Office'),('EMP000068','555 Pine St, Springfield','1986-08-28','sophia.hill@company.com',0,'sophia_hill.jpg',_binary '\0','Sophia Hill','password68','5678901234','HR Officer','sophiahill','HR Office'),('EMP000069','666 Elm St, Springfield','1990-07-07','liam.moore@company.com',1,'liam_moore.jpg',_binary '\0','Liam Moore','password69','6789012345','Operations Officer','liammoore','Operations Office'),('EMP000070','777 Cedar St, Springfield','1983-09-18','emma.young@company.com',0,'emma_young.jpg',_binary '\0','Emma Young','password70','7890123456','Finance Assistant','emmayoung','Finance Office'),('EMP000071','888 Birch St, Springfield','1989-12-03','logan.lee@company.com',1,'logan_lee.jpg',_binary '\0','Logan Lee','password71','8901234567','Customer Support','loganlee','Customer Service Office'),('EMP000072','999 Sycamore St, Springfield','1991-04-20','mia.scott@company.com',0,'mia_scott.jpg',_binary '\0','Mia Scott','password72','9012345678','HR Coordinator','miascott','HR Office'),('EMP000073','111 Maple St, Springfield','1988-02-11','jackson.white@company.com',1,'jackson_white.jpg',_binary '\0','Jackson White','password73','0123456789','Sales Manager','jacksonwhite','Sales Office'),('EMP000074','222 Palm St, Springfield','1992-05-24','sophia.thomas@company.com',0,'sophia_thomas.jpg',_binary '\0','Sophia Thomas','password74','1234509876','Customer Service Officer','sophiathomas','Customer Service Office'),('EMP000075','333 Sycamore St, Springfield','1985-10-31','liam.johnson@company.com',1,'liam_johnson.jpg',_binary '\0','Liam Johnson','password75','2345610987','Logistics Manager','liamjohnson','Logistics Office'),('EMP000076','444 Elm St, Springfield','1996-06-14','emma.jones@company.com',0,'emma_jones.jpg',_binary '\0','Emma Jones','password76','3456709876','IT Administrator','emmajones','IT Office'),('EMP000077','555 Oak St, Springfield','1977-03-23','logan.martin@company.com',1,'logan_martin.jpg',_binary '\0','Logan Martin','password77','4567809876','Operations Supervisor','loganmartin','Operations Office'),('EMP000078','666 Cedar St, Springfield','1993-11-19','mia.lee@company.com',0,'mia_lee.jpg',_binary '\0','Mia Lee','password78','5678901234','Admin Assistant','mialee','Admin Office'),('EMP000079','777 Redwood St, Springfield','1980-09-15','liam.clark@company.com',1,'liam_clark.jpg',_binary '\0','Liam Clark','password79','6789012345','Finance Manager','liamclark','Finance Office'),('EMP000080','888 Birch St, Springfield','1991-01-27','sophia.wright@company.com',0,'sophia_wright.jpg',_binary '\0','Sophia Wright','password80','7890123456','Legal Assistant','sophiawright','Legal Office'),('EMP000081','999 Oak St, Springfield','1984-07-09','emma.robinson@company.com',0,'emma_robinson.jpg',_binary '\0','Emma Robinson','password81','8901234567','HR Specialist','emmarobinson','HR Office'),('EMP000082','111 Maple St, Springfield','1992-02-17','jackson.brown@company.com',1,'jackson_brown.jpg',_binary '\0','Jackson Brown','password82','9012345678','Operations Manager','jacksonbrown','Operations Office'),('EMP000083','222 Birch St, Springfield','1986-12-30','sophia.miller@company.com',0,'sophia_miller.jpg',_binary '\0','Sophia Miller','password83','0123456789','Marketing Manager','sophiamiller','Marketing Office'),('EMP000084','333 Pine St, Springfield','1995-08-11','liam.wilson@company.com',1,'liam_wilson.jpg',_binary '\0','Liam Wilson','password84','1234509876','Finance Officer','liamwilson','Finance Office'),('EMP000085','444 Cedar St, Springfield','1978-03-07','emma.davis@company.com',0,'emma_davis.jpg',_binary '\0','Emma Davis','password85','2345610987','Operations Officer','emmadavis','Operations Office'),('EMP000086','555 Elm St, Springfield','1990-06-19','logan.martinez@company.com',1,'logan_martinez.jpg',_binary '\0','Logan Martinez','password86','3456709876','Admin Manager','loganmartinez','Admin Office'),('EMP000087','666 Sycamore St, Springfield','1997-12-14','sophia.anderson@company.com',0,'sophia_anderson.jpg',_binary '\0','Sophia Anderson','password87','4567809876','HR Officer','sophiaanderson','HR Office'),('EMP000088','777 Oak St, Springfield','1982-11-21','liam.miller@company.com',1,'liam_miller.jpg',_binary '\0','Liam Miller','password88','5678901234','Finance Specialist','liammiller','Finance Office'),('EMP000089','888 Palm St, Springfield','1981-04-18','emma.martin@company.com',0,'emma_martin.jpg',_binary '\0','Emma Martin','password89','6789012345','Operations Officer','emmamartin','Operations Office'),('EMP000090','999 Cedar St, Springfield','1993-09-12','jackson.robinson@company.com',1,'jackson_robinson.jpg',_binary '\0','Jackson Robinson','password90','7890123456','Admin Officer','jacksonrobinson','Admin Office'),('EMP000091','111 Oak St, Springfield','1987-10-08','sophia.hughes@company.com',0,'sophia_hughes.jpg',_binary '\0','Sophia Hughes','password91','8901234567','Sales Executive','sophiahughes','Sales Office'),('EMP000092','222 Cedar St, Springfield','1979-05-25','liam.patterson@company.com',1,'liam_patterson.jpg',_binary '\0','Liam Patterson','password92','9012345678','Operations Manager','liampatterson','Operations Office'),('EMP000093','333 Pine St, Springfield','1990-02-18','emma.morris@company.com',0,'emma_morris.jpg',_binary '\0','Emma Morris','password93','0123456789','Customer Service Officer','emmamorris','Customer Service Office'),('EMP000094','444 Elm St, Springfield','1985-06-13','jackson.hall@company.com',1,'jackson_hall.jpg',_binary '\0','Jackson Hall','password94','1234509876','Finance Specialist','jacksonhall','Finance Office'),('EMP000095','555 Oak St, Springfield','1991-07-28','sophia.wilson@company.com',0,'sophia_wilson.jpg',_binary '\0','Sophia Wilson','password95','2345610987','HR Manager','sophiawilson','HR Office'),('EMP000096','666 Sycamore St, Springfield','1989-03-05','liam.wood@company.com',1,'liam_wood.jpg',_binary '\0','Liam Wood','password96','3456709876','Operations Manager','liamwood','Operations Office'),('EMP000097','777 Cedar St, Springfield','1994-11-30','emma.taylor@company.com',0,'emma_taylor.jpg',_binary '\0','Emma Taylor','password97','4567809876','Admin Officer','emmataylor','Admin Office'),('EMP000098','888 Birch St, Springfield','1983-07-17','jackson.green@company.com',1,'jackson_green.jpg',_binary '\0','Jackson Green','password98','5678901234','HR Officer','jacksongreen','HR Office'),('EMP000099','999 Elm St, Springfield','1996-10-09','sophia.baker@company.com',0,'sophia_baker.jpg',_binary '\0','Sophia Baker','password99','6789012345','Customer Support','sophiabaker','Customer Service Office'),('EMP000100','111 Sycamore St, Springfield','1991-05-12','liam.wright@company.com',1,'liam_wright.jpg',_binary '\0','Liam Wright','password100','7890123456','Sales Representative','liamwright','Sales Office');
INSERT INTO `vaccine_type` VALUES ('VTP000001','VT001','Description of Vaccine Type 1','https://example.com/image1.jpg',_binary '\0','Vaccine Type 1','ACTIVE'),('VTP000002','VT002','Description of Vaccine Type 2','https://example.com/image2.jpg',_binary '\0','Vaccine Type 2','ACTIVE'),('VTP000003','VT003','Description of Vaccine Type 3','https://example.com/image3.jpg',_binary '\0','Vaccine Type 3','ACTIVE'),('VTP000004','VT004','Description of Vaccine Type 4','https://example.com/image4.jpg',_binary '\0','Vaccine Type 4','ACTIVE'),('VTP000005','VT005','Description of Vaccine Type 5','https://example.com/image5.jpg',_binary '\0','Vaccine Type 5','ACTIVE'),('VTP000006','VT006','Description of Vaccine Type 6','https://example.com/image6.jpg',_binary '\0','Vaccine Type 6','ACTIVE'),('VTP000007','VT007','Description of Vaccine Type 7','https://example.com/image7.jpg',_binary '\0','Vaccine Type 7','ACTIVE'),('VTP000008','VT008','Description of Vaccine Type 8','https://example.com/image8.jpg',_binary '\0','Vaccine Type 8','ACTIVE'),('VTP000009','VT009','Description of Vaccine Type 9','https://example.com/image9.jpg',_binary '\0','Vaccine Type 9','ACTIVE'),('VTP000010','VT010','Description of Vaccine Type 10','https://example.com/image10.jpg',_binary '\0','Vaccine Type 10','ACTIVE'),('VTP000011','VT011','Description of Vaccine Type 11','https://example.com/image11.jpg',_binary '\0','Vaccine Type 11','ACTIVE'),('VTP000012','VT012','Description of Vaccine Type 12','https://example.com/image12.jpg',_binary '\0','Vaccine Type 12','ACTIVE'),('VTP000013','VT013','Description of Vaccine Type 13','https://example.com/image13.jpg',_binary '\0','Vaccine Type 13','ACTIVE'),('VTP000014','VT014','Description of Vaccine Type 14','https://example.com/image14.jpg',_binary '\0','Vaccine Type 14','ACTIVE'),('VTP000015','VT015','Description of Vaccine Type 15','https://example.com/image15.jpg',_binary '\0','Vaccine Type 15','ACTIVE'),('VTP000016','VT016','Description of Vaccine Type 16','https://example.com/image16.jpg',_binary '\0','Vaccine Type 16','ACTIVE'),('VTP000017','VT017','Description of Vaccine Type 17','https://example.com/image17.jpg',_binary '\0','Vaccine Type 17','ACTIVE'),('VTP000018','VT018','Description of Vaccine Type 18','https://example.com/image18.jpg',_binary '\0','Vaccine Type 18','ACTIVE'),('VTP000019','VT019','Description of Vaccine Type 19','https://example.com/image19.jpg',_binary '\0','Vaccine Type 19','ACTIVE'),('VTP000020','VT020','Description of Vaccine Type 20','https://example.com/image20.jpg',_binary '\0','Vaccine Type 20','ACTIVE');
INSERT INTO `vaccine` VALUES ('VAC000001','string','string',_binary '\0','string',0,'string','ACTIVE',NULL,NULL,'string','VTP000003'),('VAC000002','None','Immunodeficiency',_binary '\0','Vaccine 2',2,'USA','ACTIVE','2023-02-01','2023-02-28','Use as prescribed','VTP000001'),('VAC000003','None','Immunodeficiency',_binary '\0','Vaccine 3',2,'USA','ACTIVE','2023-03-01','2023-03-31','Use as prescribed','VTP000001'),('VAC000004','None','Respiratory Issue',_binary '\0','Vaccine 4',1,'USA','ACTIVE','2023-04-01','2023-04-30','Use as prescribed','VTP000001'),('VAC000005','None','General Health',_binary '\0','Vaccine 5',1,'USA','ACTIVE','2023-05-01','2023-05-31','Use as prescribed','VTP000001'),('VAC000006','None','Pregnancy',_binary '\0','Vaccine 6',3,'UK','ACTIVE','2023-01-15','2023-02-14','Use as prescribed','VTP000002'),('VAC000007','None','Pregnancy',_binary '\0','Vaccine 7',3,'UK','ACTIVE','2023-02-15','2023-03-14','Use as prescribed','VTP000002'),('VAC000008','None','General Health',_binary '\0','Vaccine 8',1,'UK','ACTIVE','2023-03-15','2023-04-14','Use as prescribed','VTP000002'),('VAC000009','None','Chronic Disease',_binary '\0','Vaccine 9',2,'UK','ACTIVE','2023-04-15','2023-05-14','Use as prescribed','VTP000002'),('VAC000010','None','Respiratory Issue',_binary '\0','Vaccine 10',1,'UK','ACTIVE','2023-05-15','2023-06-14','Use as prescribed','VTP000002'),('VAC000011','None','Chronic Disease',_binary '\0','Vaccine 11',2,'Germany','ACTIVE','2023-01-10','2023-02-09','Use as prescribed','VTP000003'),('VAC000012','None','Chronic Disease',_binary '\0','Vaccine 12',2,'Germany','ACTIVE','2023-02-10','2023-03-09','Use as prescribed','VTP000003'),('VAC000013','None','General Health',_binary '\0','Vaccine 13',1,'Germany','ACTIVE','2023-03-10','2023-04-09','Use as prescribed','VTP000003'),('VAC000014','None','General Health',_binary '\0','Vaccine 14',1,'Germany','ACTIVE','2023-04-10','2023-05-09','Use as prescribed','VTP000003'),('VAC000015','None','Respiratory Issue',_binary '\0','Vaccine 15',1,'Germany','ACTIVE','2023-05-10','2023-06-09','Use as prescribed','VTP000003'),('VAC000016','None','General Health',_binary '\0','Vaccine 16',1,'France','ACTIVE','2023-01-20','2023-02-19','Use as prescribed','VTP000004'),('VAC000017','None','General Health',_binary '\0','Vaccine 17',1,'France','ACTIVE','2023-02-20','2023-03-19','Use as prescribed','VTP000004'),('VAC000018','None','Respiratory Issue',_binary '\0','Vaccine 18',1,'France','ACTIVE','2023-03-20','2023-04-19','Use as prescribed','VTP000004'),('VAC000019','None','Respiratory Issue',_binary '\0','Vaccine 19',1,'France','ACTIVE','2023-04-20','2023-05-19','Use as prescribed','VTP000004'),('VAC000020','None','Chronic Disease',_binary '\0','Vaccine 20',2,'France','ACTIVE','2023-05-20','2023-06-19','Use as prescribed','VTP000004'),('VAC000021','None','General Health',_binary '\0','Vaccine 21',2,'Canada','ACTIVE','2023-01-12','2023-02-11','Use as prescribed','VTP000005'),('VAC000022','None','Immunodeficiency',_binary '\0','Vaccine 22',1,'Canada','ACTIVE','2023-02-12','2023-03-11','Use as prescribed','VTP000005'),('VAC000023','None','Chronic Disease',_binary '\0','Vaccine 23',2,'Canada','ACTIVE','2023-03-12','2023-04-11','Use as prescribed','VTP000005'),('VAC000024','None','Respiratory Issue',_binary '\0','Vaccine 24',1,'Canada','ACTIVE','2023-04-12','2023-05-11','Use as prescribed','VTP000005'),('VAC000025','None','Immunodeficiency',_binary '\0','Vaccine 25',1,'Canada','ACTIVE','2023-05-12','2023-06-11','Use as prescribed','VTP000005'),('VAC000026','None','Chronic Disease',_binary '\0','Vaccine 26',2,'India','ACTIVE','2023-01-12','2023-02-11','Use as prescribed','VTP000006'),('VAC000027','None','Immunodeficiency',_binary '\0','Vaccine 27',1,'India','ACTIVE','2023-02-12','2023-03-11','Use as prescribed','VTP000006'),('VAC000028','None','General Health',_binary '\0','Vaccine 28',1,'India','ACTIVE','2023-03-12','2023-04-11','Use as prescribed','VTP000006'),('VAC000029','None','Respiratory Issue',_binary '\0','Vaccine 29',2,'India','ACTIVE','2023-04-12','2023-05-11','Use as prescribed','VTP000006'),('VAC000030','None','Immunodeficiency',_binary '\0','Vaccine 30',1,'India','ACTIVE','2023-05-12','2023-06-11','Use as prescribed','VTP000006'),('VAC000031','None','Pregnancy',_binary '\0','Vaccine 31',3,'Japan','ACTIVE','2023-01-15','2023-02-14','Use as prescribed','VTP000007'),('VAC000032','None','Immunodeficiency',_binary '\0','Vaccine 32',2,'Japan','ACTIVE','2023-02-15','2023-03-14','Use as prescribed','VTP000007'),('VAC000033','None','Chronic Disease',_binary '\0','Vaccine 33',1,'Japan','ACTIVE','2023-03-15','2023-04-14','Use as prescribed','VTP000007'),('VAC000034','None','Respiratory Issue',_binary '\0','Vaccine 34',1,'Japan','ACTIVE','2023-04-15','2023-05-14','Use as prescribed','VTP000007'),('VAC000035','None','General Health',_binary '\0','Vaccine 35',2,'Japan','ACTIVE','2023-05-15','2023-06-14','Use as prescribed','VTP000007'),('VAC000036','None','General Health',_binary '\0','Vaccine 36',2,'China','ACTIVE','2023-01-20','2023-02-19','Use as prescribed','VTP000008'),('VAC000037','None','Chronic Disease',_binary '\0','Vaccine 37',1,'China','ACTIVE','2023-02-20','2023-03-19','Use as prescribed','VTP000008'),('VAC000038','None','Respiratory Issue',_binary '\0','Vaccine 38',1,'China','ACTIVE','2023-03-20','2023-04-19','Use as prescribed','VTP000008'),('VAC000039','None','Immunodeficiency',_binary '\0','Vaccine 39',2,'China','ACTIVE','2023-04-20','2023-05-19','Use as prescribed','VTP000008'),('VAC000040','None','Pregnancy',_binary '\0','Vaccine 40',1,'China','ACTIVE','2023-05-20','2023-06-19','Use as prescribed','VTP000008'),('VAC000041','None','Chronic Disease',_binary '\0','Vaccine 41',1,'South Korea','ACTIVE','2023-01-15','2023-02-14','Use as prescribed','VTP000009'),('VAC000042','None','Pregnancy',_binary '\0','Vaccine 42',2,'South Korea','ACTIVE','2023-02-15','2023-03-14','Use as prescribed','VTP000009'),('VAC000043','None','General Health',_binary '\0','Vaccine 43',1,'South Korea','ACTIVE','2023-03-15','2023-04-14','Use as prescribed','VTP000009'),('VAC000044','None','Immunodeficiency',_binary '\0','Vaccine 44',1,'South Korea','ACTIVE','2023-04-15','2023-05-14','Use as prescribed','VTP000009'),('VAC000045','None','Respiratory Issue',_binary '\0','Vaccine 45',2,'South Korea','ACTIVE','2023-05-15','2023-06-14','Use as prescribed','VTP000009'),('VAC000046','None','Immunodeficiency',_binary '\0','Vaccine 46',2,'Australia','ACTIVE','2023-01-12','2023-02-11','Use as prescribed','VTP000010'),('VAC000047','None','General Health',_binary '\0','Vaccine 47',1,'Australia','ACTIVE','2023-02-12','2023-03-11','Use as prescribed','VTP000010'),('VAC000048','None','Respiratory Issue',_binary '\0','Vaccine 48',1,'Australia','ACTIVE','2023-03-12','2023-04-11','Use as prescribed','VTP000010'),('VAC000049','None','Chronic Disease',_binary '\0','Vaccine 49',2,'Australia','ACTIVE','2023-04-12','2023-05-11','Use as prescribed','VTP000010'),('VAC000050','None','Pregnancy',_binary '\0','Vaccine 50',1,'Australia','ACTIVE','2023-05-12','2023-06-11','Use as prescribed','VTP000010'),('VAC000051','None','Chronic Disease',_binary '\0','Vaccine 51',1,'Brazil','ACTIVE','2023-01-20','2023-02-19','Use as prescribed','VTP000001'),('VAC000052','None','Pregnancy',_binary '\0','Vaccine 52',1,'Brazil','ACTIVE','2023-02-20','2023-03-19','Use as prescribed','VTP000001'),('VAC000053','None','Immunodeficiency',_binary '\0','Vaccine 53',2,'Brazil','ACTIVE','2023-03-20','2023-04-19','Use as prescribed','VTP000001'),('VAC000054','None','Respiratory Issue',_binary '\0','Vaccine 54',1,'Brazil','ACTIVE','2023-04-20','2023-05-19','Use as prescribed','VTP000001'),('VAC000055','None','General Health',_binary '\0','Vaccine 55',2,'Brazil','ACTIVE','2023-05-20','2023-06-19','Use as prescribed','VTP000001'),('VAC000056','None','Pregnancy',_binary '\0','Vaccine 56',1,'USA','ACTIVE','2023-01-15','2023-02-14','Use as prescribed','VTP000002'),('VAC000057','None','Immunodeficiency',_binary '\0','Vaccine 57',2,'USA','ACTIVE','2023-02-15','2023-03-14','Use as prescribed','VTP000002'),('VAC000058','None','Respiratory Issue',_binary '\0','Vaccine 58',1,'USA','ACTIVE','2023-03-15','2023-04-14','Use as prescribed','VTP000002'),('VAC000059','None','Chronic Disease',_binary '\0','Vaccine 59',2,'USA','ACTIVE','2023-04-15','2023-05-14','Use as prescribed','VTP000002'),('VAC000060','None','General Health',_binary '\0','Vaccine 60',1,'USA','ACTIVE','2023-05-15','2023-06-14','Use as prescribed','VTP000002'),('VAC000061','None','Respiratory Issue',_binary '\0','Vaccine 61',1,'UK','ACTIVE','2023-01-12','2023-02-11','Use as prescribed','VTP000003'),('VAC000062','None','Chronic Disease',_binary '\0','Vaccine 62',2,'UK','ACTIVE','2023-02-12','2023-03-11','Use as prescribed','VTP000003'),('VAC000063','None','Pregnancy',_binary '\0','Vaccine 63',1,'UK','ACTIVE','2023-03-12','2023-04-11','Use as prescribed','VTP000003'),('VAC000064','None','Immunodeficiency',_binary '\0','Vaccine 64',2,'UK','ACTIVE','2023-04-12','2023-05-11','Use as prescribed','VTP000003'),('VAC000065','None','General Health',_binary '\0','Vaccine 65',1,'UK','ACTIVE','2023-05-12','2023-06-11','Use as prescribed','VTP000003'),('VAC000066','None','Chronic Disease',_binary '\0','Vaccine 66',1,'France','ACTIVE','2023-01-20','2023-02-19','Use as prescribed','VTP000004'),('VAC000067','None','General Health',_binary '\0','Vaccine 67',1,'France','ACTIVE','2023-02-20','2023-03-19','Use as prescribed','VTP000004'),('VAC000068','None','Pregnancy',_binary '\0','Vaccine 68',1,'France','ACTIVE','2023-03-20','2023-04-19','Use as prescribed','VTP000004'),('VAC000069','None','Immunodeficiency',_binary '\0','Vaccine 69',2,'France','ACTIVE','2023-04-20','2023-05-19','Use as prescribed','VTP000004'),('VAC000070','None','Chronic Disease',_binary '\0','Vaccine 70',1,'France','ACTIVE','2023-05-20','2023-06-19','Use as prescribed','VTP000004'),('VAC000071','None','Immunodeficiency',_binary '\0','Vaccine 71',2,'Germany','ACTIVE','2023-01-15','2023-02-14','Use as prescribed','VTP000005'),('VAC000072','None','General Health',_binary '\0','Vaccine 72',1,'Germany','ACTIVE','2023-02-15','2023-03-14','Use as prescribed','VTP000005'),('VAC000073','None','Chronic Disease',_binary '\0','Vaccine 73',1,'Germany','ACTIVE','2023-03-15','2023-04-14','Use as prescribed','VTP000005'),('VAC000074','None','Respiratory Issue',_binary '\0','Vaccine 74',1,'Germany','ACTIVE','2023-04-15','2023-05-14','Use as prescribed','VTP000005'),('VAC000075','None','Pregnancy',_binary '\0','Vaccine 75',2,'Germany','ACTIVE','2023-05-15','2023-06-14','Use as prescribed','VTP000005'),('VAC000076','None','Pregnancy',_binary '\0','Vaccine 76',2,'Canada','ACTIVE','2023-01-10','2023-02-09','Use as prescribed','VTP000006'),('VAC000077','None','Respiratory Issue',_binary '\0','Vaccine 77',1,'Canada','ACTIVE','2023-02-10','2023-03-09','Use as prescribed','VTP000006'),('VAC000078','None','Chronic Disease',_binary '\0','Vaccine 78',1,'Canada','ACTIVE','2023-03-10','2023-04-09','Use as prescribed','VTP000006'),('VAC000079','None','General Health',_binary '\0','Vaccine 79',2,'Canada','ACTIVE','2023-04-10','2023-05-09','Use as prescribed','VTP000006'),('VAC000080','None','Immunodeficiency',_binary '\0','Vaccine 80',1,'Canada','ACTIVE','2023-05-10','2023-06-09','Use as prescribed','VTP000006'),('VAC000081','None','General Health',_binary '\0','Vaccine 81',1,'Mexico','ACTIVE','2023-01-12','2023-02-11','Use as prescribed','VTP000007'),('VAC000082','None','Pregnancy',_binary '\0','Vaccine 82',1,'Mexico','ACTIVE','2023-02-12','2023-03-11','Use as prescribed','VTP000007'),('VAC000083','None','Immunodeficiency',_binary '\0','Vaccine 83',2,'Mexico','ACTIVE','2023-03-12','2023-04-11','Use as prescribed','VTP000007'),('VAC000084','None','Chronic Disease',_binary '\0','Vaccine 84',1,'Mexico','ACTIVE','2023-04-12','2023-05-11','Use as prescribed','VTP000007'),('VAC000085','None','General Health',_binary '\0','Vaccine 85',1,'Mexico','ACTIVE','2023-05-12','2023-06-11','Use as prescribed','VTP000007'),('VAC000086','None','Chronic Disease',_binary '\0','Vaccine 86',1,'Spain','ACTIVE','2023-01-15','2023-02-14','Use as prescribed','VTP000008'),('VAC000087','None','General Health',_binary '\0','Vaccine 87',2,'Spain','ACTIVE','2023-02-15','2023-03-14','Use as prescribed','VTP000008'),('VAC000088','None','Pregnancy',_binary '\0','Vaccine 88',1,'Spain','ACTIVE','2023-03-15','2023-04-14','Use as prescribed','VTP000008'),('VAC000089','None','Immunodeficiency',_binary '\0','Vaccine 89',1,'Spain','ACTIVE','2023-04-15','2023-05-14','Use as prescribed','VTP000008'),('VAC000090','None','Respiratory Issue',_binary '\0','Vaccine 90',1,'Spain','ACTIVE','2023-05-15','2023-06-14','Use as prescribed','VTP000008'),('VAC000091','None','General Health',_binary '\0','Vaccine 91',1,'Italy','ACTIVE','2023-01-10','2023-02-09','Use as prescribed','VTP000009'),('VAC000092','None','Chronic Disease',_binary '\0','Vaccine 92',2,'Italy','ACTIVE','2023-02-10','2023-03-09','Use as prescribed','VTP000009'),('VAC000093','None','Respiratory Issue',_binary '\0','Vaccine 93',1,'Italy','ACTIVE','2023-03-10','2023-04-09','Use as prescribed','VTP000009'),('VAC000094','None','Immunodeficiency',_binary '\0','Vaccine 94',2,'Italy','ACTIVE','2023-04-10','2023-05-09','Use as prescribed','VTP000009'),('VAC000095','None','Pregnancy',_binary '\0','Vaccine 95',1,'Italy','ACTIVE','2023-05-10','2023-06-09','Use as prescribed','VTP000009'),('VAC000096','None','Chronic Disease',_binary '\0','Vaccine 96',2,'Australia','ACTIVE','2023-01-15','2023-02-14','Use as prescribed','VTP000010'),('VAC000097','None','Chronic Disease',_binary '\0','Vaccine 97',2,'Australia','ACTIVE','2023-02-15','2023-03-14','Use as prescribed','VTP000010'),('VAC000098','None','Respiratory Issue',_binary '\0','Vaccine 98',1,'Australia','ACTIVE','2023-03-15','2023-04-14','Use as prescribed','VTP000010'),('VAC000099','None','General Health',_binary '\0','Vaccine 99',1,'Australia','ACTIVE','2023-04-15','2023-05-14','Use as prescribed','VTP000010'),('VAC000100','None','Chronic Disease',_binary '\0','Vaccine 100',2,'Australia','ACTIVE','2023-05-15','2023-06-14','Use as prescribed','VTP000010'),('VAC000101','string','string',_binary '\0','test1',1,'string','ACTIVE',NULL,NULL,'string','VTP000001');
INSERT INTO `injection_schedule` VALUES ('ISD000001','First round of COVID-19 vaccination','2023-01-11',_binary '\0','Community Health Center','2023-01-10','OVER','VAC000001'),('ISD000002','Polio vaccine for children','2023-02-16',_binary '\0','Children Hospital','2023-02-15','OVER','VAC000002'),('ISD000003','Flu vaccine for elderly','2023-03-12',_binary '\0','Senior Care Center','2023-03-10','OVER','VAC000003'),('ISD000004','Hepatitis B first dose','2023-04-06',_binary '\0','City General Hospital','2023-04-05','OVER','VAC000004'),('ISD000005','HPV vaccination program for women','2023-05-02',_binary '\0','Women Health Clinic','2023-05-01','OVER','VAC000005'),('ISD000006','Diphtheria, tetanus, and pertussis vaccination','2023-06-13',_binary '\0','Community Health Center','2023-06-12','OVER','VAC000006'),('ISD000007','Measles vaccination campaign','2023-07-21',_binary '\0','Children Hospital','2023-07-20','OVER','VAC000007'),('ISD000008','Meningitis vaccination for college students','2023-08-16',_binary '\0','University Medical Center','2023-08-15','OVER','VAC000008'),('ISD000009','Chickenpox vaccination for kindergarteners','2023-09-06',_binary '\0','Community Health Center','2023-09-05','OVER','VAC000009'),('ISD000010','Seasonal flu vaccination for healthcare workers','2023-10-13',_binary '\0','City General Hospital','2023-10-12','OVER','VAC000010'),('ISD000011','Second round of COVID-19 vaccination','2023-01-16',_binary '\0','Community Health Center','2023-01-15','OVER','VAC000011'),('ISD000012','Hepatitis B second dose','2023-02-21',_binary '\0','City General Hospital','2023-02-20','OVER','VAC000012'),('ISD000013','Rabies post-exposure prophylaxis','2023-03-19',_binary '\0','Veterinary Hospital','2023-03-18','OVER','VAC000013'),('ISD000014','Tetanus vaccine for injured patients','2023-04-11',_binary '\0','Emergency Room','2023-04-10','OVER','VAC000014'),('ISD000015','Pneumococcal vaccine for adults','2023-05-09',_binary '\0','Senior Care Center','2023-05-08','OVER','VAC000015'),('ISD000016','Hepatitis A vaccine for travelers','2023-06-06',_binary '\0','International Travel Clinic','2023-06-05','OVER','VAC000016'),('ISD000017','Yellow fever vaccine for international travelers','2023-07-23',_binary '\0','International Travel Clinic','2023-07-22','OVER','VAC000017'),('ISD000018','Typhoid vaccine for travelers to endemic regions','2023-08-11',_binary '\0','International Travel Clinic','2023-08-10','OVER','VAC000018'),('ISD000019','BCG vaccine for newborns','2023-09-02',_binary '\0','Maternity Hospital','2023-09-01','OVER','VAC000019'),('ISD000020','Cholera vaccine for disaster-affected regions','2023-10-26',_binary '\0','Emergency Response Center','2023-10-25','OVER','VAC000020'),('ISD000021','Third round of COVID-19 vaccination','2023-11-02',_binary '\0','Community Health Center','2023-11-01','OVER','VAC000021'),('ISD000022','Polio vaccine for newborns','2023-12-06',_binary '\0','Children Hospital','2023-12-05','OVER','VAC000022'),('ISD000023','Annual flu vaccine for students','2023-12-16',_binary '\0','University Medical Center','2023-12-15','OVER','VAC000023'),('ISD000024','HPV vaccine booster for women','2024-01-11',_binary '\0','Women Health Clinic','2024-01-10','NOT_YET','VAC000024'),('ISD000025','Hepatitis B booster dose','2024-02-06',_binary '\0','City General Hospital','2024-02-05','NOT_YET','VAC000025'),('ISD000026','MMR vaccine for children','2024-03-13',_binary '\0','Children Hospital','2024-03-12','NOT_YET','VAC000026'),('ISD000027','DTP vaccine for children','2024-04-19',_binary '\0','Community Health Center','2024-04-18','NOT_YET','VAC000027'),('ISD000028','COVID-19 booster dose','2024-05-02',_binary '\0','City General Hospital','2024-05-01','NOT_YET','VAC000028'),('ISD000029','Hepatitis A booster for adults','2024-06-16',_binary '\0','International Travel Clinic','2024-06-15','NOT_YET','VAC000029'),('ISD000030','HPV vaccine for men','2024-07-26',_binary '\0','Mens Health Clinic','2024-07-25','NOT_YET','VAC000030'),('ISD000031','Rotavirus vaccine for infants','2024-01-16',_binary '\0','Children Hospital','2024-01-15','NOT_YET','VAC000031'),('ISD000032','Hepatitis A vaccine for children','2024-02-26',_binary '\0','Community Health Center','2024-02-25','NOT_YET','VAC000032'),('ISD000033','COVID-19 vaccine for immunocompromised patients','2024-03-09',_binary '\0','City General Hospital','2024-03-08','NOT_YET','VAC000033'),('ISD000034','Flu vaccine for pregnant women','2024-04-13',_binary '\0','Women Health Clinic','2024-04-12','NOT_YET','VAC000034'),('ISD000035','Hepatitis B vaccine for high-risk adults','2024-05-07',_binary '\0','City General Hospital','2024-05-06','NOT_YET','VAC000035'),('ISD000036','Chickenpox vaccine for adults','2024-06-11',_binary '\0','City General Hospital','2024-06-10','NOT_YET','VAC000036'),('ISD000037','COVID-19 vaccine booster for healthcare workers','2024-07-16',_binary '\0','City General Hospital','2024-07-15','NOT_YET','VAC000037'),('ISD000038','MMR vaccine booster for young adults','2024-08-19',_binary '\0','University Medical Center','2024-08-18','NOT_YET','VAC000038'),('ISD000039','Tetanus vaccine for construction workers','2024-09-23',_binary '\0','Construction Site Clinic','2024-09-22','NOT_YET','VAC000039'),('ISD000040','Seasonal flu vaccine for children','2024-10-26',_binary '\0','Children Hospital','2024-10-25','NOT_YET','VAC000040'),('ISD000041','MMR vaccine for children','2024-01-02',_binary '\0','Children Hospital','2024-01-01','NOT_YET','VAC000041'),('ISD000042','DTP vaccine for infants','2024-02-02',_binary '\0','Community Health Center','2024-02-01','NOT_YET','VAC000042'),('ISD000043','COVID-19 vaccine booster for elderly','2024-03-02',_binary '\0','City General Hospital','2024-03-01','NOT_YET','VAC000043'),('ISD000044','HPV vaccination program','2024-04-02',_binary '\0','Women Health Clinic','2024-04-01','NOT_YET','VAC000044'),('ISD000045','Flu vaccine for healthcare workers','2024-05-02',_binary '\0','City General Hospital','2024-05-01','NOT_YET','VAC000045'),('ISD000046','Hepatitis B vaccine for healthcare workers','2024-06-02',_binary '\0','City General Hospital','2024-06-01','NOT_YET','VAC000046'),('ISD000047','Tetanus vaccine for injured patients','2024-07-02',_binary '\0','Emergency Room','2024-07-01','NOT_YET','VAC000047'),('ISD000048','Polio vaccination for children','2024-08-02',_binary '\0','Children Hospital','2024-08-01','NOT_YET','VAC000048'),('ISD000049','MMR vaccine for teenagers','2024-09-02',_binary '\0','Community Health Center','2024-09-01','NOT_YET','VAC000049'),('ISD000050','Flu vaccine for immunocompromised patients','2024-10-02',_binary '\0','City General Hospital','2024-10-01','NOT_YET','VAC000050'),('ISD000051','Measles vaccination for infants','2024-01-06',_binary '\0','Children Hospital','2024-01-05','OVER','VAC000051'),('ISD000052','Diphtheria vaccination for school children','2024-02-11',_binary '\0','Community School','2024-02-10','OVER','VAC000052'),('ISD000053','COVID-19 booster dose for adults','2024-03-16',_binary '\0','City General Hospital','2024-03-15','OVER','VAC000053'),('ISD000054','Hepatitis B vaccine for adults','2024-04-21',_binary '\0','Community Health Center','2024-04-20','OVER','VAC000054'),('ISD000055','Rotavirus vaccine for infants','2024-05-26',_binary '\0','Children Hospital','2024-05-25','OVER','VAC000055'),('ISD000056','Flu vaccination for school children','2024-06-11',_binary '\0','Community School','2024-06-10','OVER','VAC000056'),('ISD000057','Yellow fever vaccine for travelers','2024-07-16',_binary '\0','International Travel Clinic','2024-07-15','OVER','VAC000057'),('ISD000058','Typhoid vaccine for travelers','2024-08-21',_binary '\0','International Travel Clinic','2024-08-20','OVER','VAC000058'),('ISD000059','Pneumococcal vaccine for elderly','2024-09-26',_binary '\0','Senior Care Center','2024-09-25','OVER','VAC000059'),('ISD000060','BCG vaccine for newborns','2024-10-31',_binary '\0','Maternity Hospital','2024-10-30','OVER','VAC000060'),('ISD000061','Second round of measles vaccination','2024-11-06',_binary '\0','Children Hospital','2024-11-05','NOT_YET','VAC000061'),('ISD000062','Third round of polio vaccination','2024-12-11',_binary '\0','Community Health Center','2024-12-10','NOT_YET','VAC000062'),('ISD000063','COVID-19 booster for elderly','2024-01-16',_binary '\0','Senior Care Center','2024-01-15','NOT_YET','VAC000063'),('ISD000064','Hepatitis B vaccine booster for healthcare workers','2024-02-21',_binary '\0','City General Hospital','2024-02-20','NOT_YET','VAC000064'),('ISD000065','HPV vaccination for adolescents','2024-03-26',_binary '\0','Community Health Center','2024-03-25','NOT_YET','VAC000065'),('ISD000066','Flu vaccine for high-risk adults','2024-05-01',_binary '\0','City General Hospital','2024-04-30','NOT_YET','VAC000066'),('ISD000067','Tetanus vaccine for injured workers','2024-05-11',_binary '\0','Construction Site Clinic','2024-05-10','NOT_YET','VAC000067'),('ISD000068','Rabies vaccine for post-exposure treatment','2024-06-16',_binary '\0','Veterinary Hospital','2024-06-15','NOT_YET','VAC000068'),('ISD000069','Meningitis vaccine for college students','2024-07-21',_binary '\0','University Medical Center','2024-07-20','NOT_YET','VAC000069'),('ISD000070','Hepatitis A vaccine for food workers','2024-08-26',_binary '\0','City Health Department','2024-08-25','NOT_YET','VAC000070'),('ISD000071','Flu vaccine for pregnant women','2024-09-02',_binary '\0','Women Health Clinic','2024-09-01','NOT_YET','VAC000071'),('ISD000072','Chickenpox vaccine for children','2024-10-02',_binary '\0','Children Hospital','2024-10-01','NOT_YET','VAC000072'),('ISD000073','Typhoid vaccine for travelers','2024-11-02',_binary '\0','International Travel Clinic','2024-11-01','NOT_YET','VAC000073'),('ISD000074','Polio vaccine booster for children','2024-12-02',_binary '\0','Community Health Center','2024-12-01','NOT_YET','VAC000074'),('ISD000075','Flu vaccine for immunocompromised individuals','2025-01-02',_binary '\0','City General Hospital','2025-01-01','NOT_YET','VAC000075'),('ISD000076','COVID-19 booster for healthcare workers','2025-02-06',_binary '\0','City General Hospital','2025-02-05','NOT_YET','VAC000076'),('ISD000077','Pneumococcal vaccine for seniors','2025-03-11',_binary '\0','Senior Care Center','2025-03-10','NOT_YET','VAC000077'),('ISD000078','HPV vaccine for young women','2025-04-16',_binary '\0','Women Health Clinic','2025-04-15','NOT_YET','VAC000078'),('ISD000079','BCG vaccine for newborns','2025-05-21',_binary '\0','Maternity Hospital','2025-05-20','NOT_YET','VAC000079'),('ISD000080','Hepatitis A vaccine for travelers','2025-06-26',_binary '\0','International Travel Clinic','2025-06-25','NOT_YET','VAC000080'),('ISD000081','Flu vaccine for children','2025-07-02',_binary '\0','Community Health Center','2025-07-01','NOT_YET','VAC000081'),('ISD000082','Tetanus vaccine for injured patients','2025-08-06',_binary '\0','Emergency Room','2025-08-05','NOT_YET','VAC000082'),('ISD000083','Measles vaccination for infants','2025-09-11',_binary '\0','Children Hospital','2025-09-10','NOT_YET','VAC000083'),('ISD000084','COVID-19 booster for the elderly','2025-10-16',_binary '\0','Senior Care Center','2025-10-15','NOT_YET','VAC000084'),('ISD000085','Hepatitis B vaccine for adults','2025-11-21',_binary '\0','Community Health Center','2025-11-20','NOT_YET','VAC000085'),('ISD000086','Flu vaccine for immunocompromised adults','2025-12-02',_binary '\0','City General Hospital','2025-12-01','NOT_YET','VAC000086'),('ISD000087','Rabies vaccine for post-exposure treatment','2025-12-16',_binary '\0','Veterinary Hospital','2025-12-15','NOT_YET','VAC000087'),('ISD000088','Yellow fever vaccine for travelers','2026-01-06',_binary '\0','International Travel Clinic','2026-01-05','NOT_YET','VAC000088'),('ISD000089','Typhoid vaccine for travelers','2026-02-11',_binary '\0','International Travel Clinic','2026-02-10','NOT_YET','VAC000089'),('ISD000090','BCG vaccine for newborns','2026-03-16',_binary '\0','Maternity Hospital','2026-03-15','NOT_YET','VAC000090'),('ISD000091','Hepatitis A vaccine for travelers','2026-04-02',_binary '\0','International Travel Clinic','2026-04-01','NOT_YET','VAC000091'),('ISD000092','Flu vaccine for high-risk children','2026-05-06',_binary '\0','Children Hospital','2026-05-05','NOT_YET','VAC000092'),('ISD000093','Pneumococcal vaccine for elderly','2026-06-11',_binary '\0','Senior Care Center','2026-06-10','NOT_YET','VAC000093'),('ISD000094','Hepatitis B vaccine booster for healthcare workers','2026-07-16',_binary '\0','City General Hospital','2026-07-15','NOT_YET','VAC000094'),('ISD000095','HPV vaccine for men','2026-08-21',_binary '\0','Mens Health Clinic','2026-08-20','NOT_YET','VAC000095'),('ISD000096','Third round of COVID-19 vaccination','2026-09-02',_binary '\0','Community Health Center','2026-09-01','NOT_YET','VAC000096'),('ISD000097','Measles vaccine for children','2026-10-06',_binary '\0','Children Hospital','2026-10-05','NOT_YET','VAC000097'),('ISD000098','Polio vaccination for infants','2026-11-11',_binary '\0','Community Health Center','2026-11-10','NOT_YET','VAC000098'),('ISD000099','Flu vaccine for healthcare workers','2026-12-16',_binary '\0','City General Hospital','2026-12-15','NOT_YET','VAC000099'),('ISD000100','Hepatitis A vaccine for adults','2027-01-21',_binary '\0','Community Health Center','2027-01-20','NOT_YET','VAC000100');
INSERT INTO `injection_result` VALUES ('IRS000001','2023-01-10','Community Health Center',_binary '\0','2023-02-10',1,'COVID-19 prevention','CUS000001','VAC000001'),('IRS000002','2023-02-15','Children Hospital',_binary '\0','2023-03-15',1,'Polio prevention','CUS000002','VAC000002'),('IRS000003','2023-03-10','Senior Care Center',_binary '\0','2023-04-10',1,'Flu prevention','CUS000003','VAC000003'),('IRS000004','2023-04-05','City General Hospital',_binary '\0','2023-05-05',1,'Hepatitis B prevention','CUS000004','VAC000004'),('IRS000005','2023-05-01','Women Health Clinic',_binary '\0','2023-06-01',1,'HPV prevention','CUS000005','VAC000005'),('IRS000006','2023-06-12','Community Health Center',_binary '\0','2023-07-12',2,'Diphtheria prevention','CUS000006','VAC000006'),('IRS000007','2023-07-20','Children Hospital',_binary '\0','2023-08-20',2,'Measles prevention','CUS000007','VAC000007'),('IRS000008','2023-08-15','University Medical Center',_binary '\0','2023-09-15',2,'Meningitis prevention','CUS000008','VAC000008'),('IRS000009','2023-09-05','Community Health Center',_binary '\0','2023-10-05',2,'Chickenpox prevention','CUS000009','VAC000009'),('IRS000010','2023-10-12','City General Hospital',_binary '\0','2023-11-12',2,'Flu prevention','CUS000010','VAC000010'),('IRS000011','2023-01-15','Community Health Center',_binary '\0','2023-02-15',2,'COVID-19 prevention','CUS000011','VAC000011'),('IRS000012','2023-02-20','City General Hospital',_binary '\0','2023-03-20',2,'Hepatitis B prevention','CUS000012','VAC000012'),('IRS000013','2023-03-18','Veterinary Hospital',_binary '\0','2023-04-18',2,'Rabies prevention','CUS000013','VAC000013'),('IRS000014','2023-04-10','Emergency Room',_binary '\0','2023-05-10',2,'Tetanus prevention','CUS000014','VAC000014'),('IRS000015','2023-05-08','Senior Care Center',_binary '\0','2023-06-08',2,'Pneumococcal prevention','CUS000015','VAC000015'),('IRS000016','2023-06-05','International Travel Clinic',_binary '\0','2023-07-05',2,'Hepatitis A prevention','CUS000016','VAC000016'),('IRS000017','2023-07-22','International Travel Clinic',_binary '\0','2023-08-22',2,'Yellow Fever prevention','CUS000017','VAC000017'),('IRS000018','2023-08-10','International Travel Clinic',_binary '\0','2023-09-10',2,'Typhoid prevention','CUS000018','VAC000018'),('IRS000019','2023-09-01','Maternity Hospital',_binary '\0','2023-10-01',2,'BCG prevention','CUS000019','VAC000019'),('IRS000020','2023-10-25','Emergency Response Center',_binary '\0','2023-11-25',2,'Cholera prevention','CUS000020','VAC000020'),('IRS000021','2023-11-01','Community Health Center',_binary '\0','2023-12-01',3,'COVID-19 prevention','CUS000021','VAC000021'),('IRS000022','2023-12-05','Children Hospital',_binary '\0','2024-01-05',3,'Polio prevention','CUS000022','VAC000022'),('IRS000023','2023-12-15','University Medical Center',_binary '\0','2024-01-15',3,'Flu prevention','CUS000023','VAC000023'),('IRS000024','2024-01-10','Women Health Clinic',_binary '\0','2024-02-10',3,'HPV prevention','CUS000024','VAC000024'),('IRS000025','2024-02-05','City General Hospital',_binary '\0','2024-03-05',3,'Hepatitis B prevention','CUS000025','VAC000025'),('IRS000026','2024-03-12','Children Hospital',_binary '\0','2024-04-12',3,'MMR prevention','CUS000026','VAC000026'),('IRS000027','2024-04-18','Community Health Center',_binary '\0','2024-05-18',3,'DTP prevention','CUS000027','VAC000027'),('IRS000028','2024-05-01','City General Hospital',_binary '\0','2024-06-01',3,'COVID-19 prevention','CUS000028','VAC000028'),('IRS000029','2024-06-15','International Travel Clinic',_binary '\0','2024-07-15',3,'Hepatitis A prevention','CUS000029','VAC000029'),('IRS000030','2024-07-25','Mens Health Clinic',_binary '\0','2024-08-25',3,'HPV prevention','CUS000030','VAC000030'),('IRS000031','2024-01-15','Children Hospital',_binary '\0','2024-02-15',1,'Rotavirus prevention','CUS000031','VAC000031'),('IRS000032','2024-02-25','Community Health Center',_binary '\0','2024-03-25',1,'Hepatitis A prevention','CUS000032','VAC000032'),('IRS000033','2024-03-08','City General Hospital',_binary '\0','2024-04-08',1,'COVID-19 prevention for immunocompromised','CUS000033','VAC000033'),('IRS000034','2024-04-12','Women Health Clinic',_binary '\0','2024-05-12',1,'Flu prevention for pregnant women','CUS000034','VAC000034'),('IRS000035','2024-05-06','City General Hospital',_binary '\0','2024-06-06',1,'Hepatitis B prevention for high-risk adults','CUS000035','VAC000035'),('IRS000036','2024-06-10','City General Hospital',_binary '\0','2024-07-10',1,'Chickenpox prevention for adults','CUS000036','VAC000036'),('IRS000037','2024-07-15','City General Hospital',_binary '\0','2024-08-15',1,'COVID-19 booster for healthcare workers','CUS000037','VAC000037'),('IRS000038','2024-08-18','University Medical Center',_binary '\0','2024-09-18',1,'MMR booster for young adults','CUS000038','VAC000038'),('IRS000039','2024-09-22','Construction Site Clinic',_binary '\0','2024-10-22',1,'Tetanus prevention for construction workers','CUS000039','VAC000039'),('IRS000040','2024-10-25','Children Hospital',_binary '\0','2024-11-25',1,'Seasonal flu prevention for children','CUS000040','VAC000040'),('IRS000041','2024-01-01','Children Hospital',_binary '\0','2024-02-01',1,'MMR vaccine for children','CUS000041','VAC000041'),('IRS000042','2024-02-01','Community Health Center',_binary '\0','2024-03-01',1,'DTP vaccine for infants','CUS000042','VAC000042'),('IRS000043','2024-03-01','City General Hospital',_binary '\0','2024-04-01',1,'COVID-19 booster for elderly','CUS000043','VAC000043'),('IRS000044','2024-04-01','Women Health Clinic',_binary '\0','2024-05-01',1,'HPV vaccination program','CUS000044','VAC000044'),('IRS000045','2024-05-01','City General Hospital',_binary '\0','2024-06-01',1,'Flu vaccine for healthcare workers','CUS000045','VAC000045'),('IRS000046','2024-06-01','City General Hospital',_binary '\0','2024-07-01',1,'Hepatitis B vaccine for healthcare workers','CUS000046','VAC000046'),('IRS000047','2024-07-01','Emergency Room',_binary '\0','2024-08-01',1,'Tetanus prevention for injured patients','CUS000047','VAC000047'),('IRS000048','2024-08-01','Children Hospital',_binary '\0','2024-09-01',1,'Polio vaccine for children','CUS000048','VAC000048'),('IRS000049','2024-09-01','Community Health Center',_binary '\0','2024-10-01',1,'MMR vaccine for teenagers','CUS000049','VAC000049'),('IRS000050','2024-10-01','City General Hospital',_binary '\0','2024-11-01',1,'Flu vaccine for immunocompromised patients','CUS000050','VAC000050'),('IRS000051','2024-01-10','Children Hospital',_binary '\0','2024-02-10',1,'Measles vaccination for infants','CUS000051','VAC000051'),('IRS000052','2024-02-10','Community School',_binary '\0','2024-03-10',1,'Diphtheria vaccination for school children','CUS000052','VAC000052'),('IRS000053','2024-03-15','City General Hospital',_binary '\0','2024-04-15',1,'COVID-19 booster dose for adults','CUS000053','VAC000053'),('IRS000054','2024-04-20','Community Health Center',_binary '\0','2024-05-20',1,'Hepatitis B vaccine for adults','CUS000054','VAC000054'),('IRS000055','2024-05-25','Children Hospital',_binary '\0','2024-06-25',1,'Rotavirus vaccine for infants','CUS000055','VAC000055'),('IRS000056','2024-06-10','Community School',_binary '\0','2024-07-10',1,'Flu vaccination for school children','CUS000056','VAC000056'),('IRS000057','2024-07-15','International Travel Clinic',_binary '\0','2024-08-15',1,'Yellow Fever vaccine for travelers','CUS000057','VAC000057'),('IRS000058','2024-08-20','International Travel Clinic',_binary '\0','2024-09-20',1,'Typhoid vaccine for travelers','CUS000058','VAC000058'),('IRS000059','2024-09-25','Senior Care Center',_binary '\0','2024-10-25',1,'Pneumococcal vaccine for elderly','CUS000059','VAC000059'),('IRS000060','2024-10-30','Maternity Hospital',_binary '\0','2024-11-30',1,'BCG vaccine for newborns','CUS000060','VAC000060'),('IRS000061','2024-11-05','Children Hospital',_binary '\0','2024-12-05',2,'Second round of measles vaccination','CUS000061','VAC000061'),('IRS000062','2024-12-10','Community Health Center',_binary '\0','2025-01-10',2,'Third round of polio vaccination','CUS000062','VAC000062'),('IRS000063','2024-01-15','Senior Care Center',_binary '\0','2025-02-15',2,'COVID-19 booster for elderly','CUS000063','VAC000063'),('IRS000064','2024-02-20','City General Hospital',_binary '\0','2025-03-20',2,'Hepatitis B booster for healthcare workers','CUS000064','VAC000064'),('IRS000065','2024-03-25','Community Health Center',_binary '\0','2025-04-25',2,'HPV vaccination for adolescents','CUS000065','VAC000065'),('IRS000066','2024-04-30','City General Hospital',_binary '\0','2025-05-30',2,'Flu vaccine for high-risk adults','CUS000066','VAC000066'),('IRS000067','2024-05-10','Construction Site Clinic',_binary '\0','2025-06-10',2,'Tetanus vaccine for injured workers','CUS000067','VAC000067'),('IRS000068','2024-06-15','Veterinary Hospital',_binary '\0','2025-07-15',2,'Rabies vaccine post-exposure treatment','CUS000068','VAC000068'),('IRS000069','2024-07-20','University Medical Center',_binary '\0','2025-08-20',2,'Meningitis vaccine for college students','CUS000069','VAC000069'),('IRS000070','2024-08-25','City Health Department',_binary '\0','2025-09-25',2,'Hepatitis A vaccine for food workers','CUS000070','VAC000070'),('IRS000071','2024-09-01','Women Health Clinic',_binary '\0','2025-10-01',2,'Flu vaccine for pregnant women','CUS000071','VAC000071'),('IRS000072','2024-10-01','Children Hospital',_binary '\0','2025-11-01',2,'Chickenpox vaccine for children','CUS000072','VAC000072'),('IRS000073','2024-11-01','International Travel Clinic',_binary '\0','2025-12-01',2,'Typhoid vaccine for travelers','CUS000073','VAC000073'),('IRS000074','2024-12-01','Community Health Center',_binary '\0','2025-01-01',2,'Polio booster for children','CUS000074','VAC000074'),('IRS000075','2025-01-01','City General Hospital',_binary '\0','2025-02-01',2,'Flu vaccine for immunocompromised','CUS000075','VAC000075'),('IRS000076','2025-02-05','City General Hospital',_binary '\0','2025-03-05',2,'COVID-19 booster for healthcare workers','CUS000076','VAC000076'),('IRS000077','2025-03-10','Senior Care Center',_binary '\0','2025-04-10',2,'Pneumococcal vaccine for seniors','CUS000077','VAC000077'),('IRS000078','2025-04-15','Women Health Clinic',_binary '\0','2025-05-15',2,'HPV vaccine for young women','CUS000078','VAC000078'),('IRS000079','2025-05-20','Maternity Hospital',_binary '\0','2025-06-20',2,'BCG vaccine for newborns','CUS000079','VAC000079'),('IRS000080','2025-06-25','International Travel Clinic',_binary '\0','2025-07-25',2,'Hepatitis A vaccine for travelers','CUS000080','VAC000080'),('IRS000081','2025-07-01','Community Health Center',_binary '\0','2025-08-01',2,'Flu vaccine for children','CUS000081','VAC000081'),('IRS000082','2025-08-05','Emergency Room',_binary '\0','2025-09-05',2,'Tetanus vaccine for injured patients','CUS000082','VAC000082'),('IRS000083','2025-09-10','Children Hospital',_binary '\0','2025-10-10',2,'Measles vaccine for infants','CUS000083','VAC000083'),('IRS000084','2025-10-15','Senior Care Center',_binary '\0','2025-11-15',2,'COVID-19 booster for elderly','CUS000084','VAC000084'),('IRS000085','2025-11-20','Community Health Center',_binary '\0','2025-12-20',2,'Hepatitis B vaccine for adults','CUS000085','VAC000085'),('IRS000086','2025-12-01','City General Hospital',_binary '\0','2026-01-01',2,'Flu vaccine for immunocompromised adults','CUS000086','VAC000086'),('IRS000087','2025-12-15','Veterinary Hospital',_binary '\0','2026-01-15',2,'Rabies vaccine post-exposure treatment','CUS000087','VAC000087'),('IRS000088','2026-01-05','International Travel Clinic',_binary '\0','2026-02-05',2,'Yellow Fever vaccine for travelers','CUS000088','VAC000088'),('IRS000089','2026-02-10','International Travel Clinic',_binary '\0','2026-03-10',2,'Typhoid vaccine for travelers','CUS000089','VAC000089'),('IRS000090','2026-03-15','Maternity Hospital',_binary '\0','2026-04-15',2,'BCG vaccine for newborns','CUS000090','VAC000090'),('IRS000091','2026-04-01','International Travel Clinic',_binary '\0','2026-05-01',2,'Hepatitis A vaccine for travelers','CUS000091','VAC000091'),('IRS000092','2026-05-05','Children Hospital',_binary '\0','2026-06-05',2,'Flu vaccine for high-risk children','CUS000092','VAC000092'),('IRS000093','2026-06-10','Senior Care Center',_binary '\0','2026-07-10',2,'Pneumococcal vaccine for elderly','CUS000093','VAC000093'),('IRS000094','2026-07-15','City General Hospital',_binary '\0','2026-08-15',2,'Hepatitis B vaccine booster for healthcare workers','CUS000094','VAC000094'),('IRS000095','2026-08-20','Mens Health Clinic',_binary '\0','2026-09-20',2,'HPV vaccine for men','CUS000095','VAC000095'),('IRS000096','2026-09-01','Community Health Center',_binary '\0','2026-10-01',3,'COVID-19 booster','CUS000096','VAC000096'),('IRS000097','2026-10-05','Children Hospital',_binary '\0','2026-11-05',3,'Measles vaccine for children','CUS000097','VAC000097'),('IRS000098','2026-11-10','Community Health Center',_binary '\0','2026-12-10',3,'Polio vaccination for infants','CUS000098','VAC000098'),('IRS000099','2026-12-15','City General Hospital',_binary '\0','2027-01-15',3,'Flu vaccine for healthcare workers','CUS000099','VAC000099'),('IRS000100','2027-01-20','Community Health Center',_binary '\0','2027-02-20',3,'Hepatitis A vaccine for adults','CUS000100','VAC000100');
INSERT INTO `news_type` VALUES ('NTP000001','Sports',_binary '\0','Football'),('NTP000002','Entertain',_binary '\0','Movies'),('NTP000003','Technolog',_binary '\0','AI'),('NTP000004','Health',_binary '\0','Nutrition'),('NTP000005','Education',_binary '\0','Online Courses'),('NTP000006','Travel',_binary '\0','Destinations'),('NTP000007','Finance',_binary '\0','Stock Market'),('NTP000008','Politics',_binary '\0','Elections'),('NTP000009','Business',_binary '\0','Startups'),('NTP000010','Science',_binary '\0','Space Exploration'),('NTP000011','Sports',_binary '\0','Basketball'),('NTP000012','Entertain',_binary '\0','Music'),('NTP000013','Technolog',_binary '\0','Cybersecurity'),('NTP000014','Health',_binary '\0','Mental Health'),('NTP000015','Education',_binary '\0','School Programs'),('NTP000016','Travel',_binary '\0','Adventure'),('NTP000017','Finance',_binary '\0','Cryptocurrency'),('NTP000018','Politics',_binary '\0','Foreign Policy'),('NTP000019','Business',_binary '\0','Mergers'),('NTP000020','Science',_binary '\0','Biotechnology');
INSERT INTO `news` VALUES ('NEW000001','Content for news 1',_binary '\0','Preview of news 1','Title of News 1','NTP000001'),('NEW000002','Content for news 2',_binary '\0','Preview of news 2','Title of News 2','NTP000001'),('NEW000003','Content for news 3',_binary '\0','Preview of news 3','Title of News 3','NTP000001'),('NEW000004','Content for news 4',_binary '\0','Preview of news 4','Title of News 4','NTP000001'),('NEW000005','Content for news 5',_binary '\0','Preview of news 5','Title of News 5','NTP000001'),('NEW000006','Content for news 6',_binary '\0','Preview of news 6','Title of News 6','NTP000002'),('NEW000007','Content for news 7',_binary '\0','Preview of news 7','Title of News 7','NTP000002'),('NEW000008','Content for news 8',_binary '\0','Preview of news 8','Title of News 8','NTP000002'),('NEW000009','Content for news 9',_binary '\0','Preview of news 9','Title of News 9','NTP000002'),('NEW000010','Content for news 10',_binary '\0','Preview of news 10','Title of News 10','NTP000002'),('NEW000011','Content for news 11',_binary '\0','Preview of news 11','Title of News 11','NTP000003'),('NEW000012','Content for news 12',_binary '\0','Preview of news 12','Title of News 12','NTP000003'),('NEW000013','Content for news 13',_binary '\0','Preview of news 13','Title of News 13','NTP000003'),('NEW000014','Content for news 14',_binary '\0','Preview of news 14','Title of News 14','NTP000003'),('NEW000015','Content for news 15',_binary '\0','Preview of news 15','Title of News 15','NTP000003'),('NEW000016','Content for news 16',_binary '\0','Preview of news 16','Title of News 16','NTP000004'),('NEW000017','Content for news 17',_binary '\0','Preview of news 17','Title of News 17','NTP000004'),('NEW000018','Content for news 18',_binary '\0','Preview of news 18','Title of News 18','NTP000004'),('NEW000019','Content for news 19',_binary '\0','Preview of news 19','Title of News 19','NTP000004'),('NEW000020','Content for news 20',_binary '\0','Preview of news 20','Title of News 20','NTP000004'),('NEW000021','Content for news 21',_binary '\0','Preview of news 21','Title of News 21','NTP000005'),('NEW000022','Content for news 22',_binary '\0','Preview of news 22','Title of News 22','NTP000005'),('NEW000023','Content for news 23',_binary '\0','Preview of news 23','Title of News 23','NTP000005'),('NEW000024','Content for news 24',_binary '\0','Preview of news 24','Title of News 24','NTP000005'),('NEW000025','Content for news 25',_binary '\0','Preview of news 25','Title of News 25','NTP000005'),('NEW000026','Content for news 26',_binary '\0','Preview of news 26','Title of News 26','NTP000006'),('NEW000027','Content for news 27',_binary '\0','Preview of news 27','Title of News 27','NTP000006'),('NEW000028','Content for news 28',_binary '\0','Preview of news 28','Title of News 28','NTP000006'),('NEW000029','Content for news 29',_binary '\0','Preview of news 29','Title of News 29','NTP000006'),('NEW000030','Content for news 30',_binary '\0','Preview of news 30','Title of News 30','NTP000006'),('NEW000031','Content for news 31',_binary '\0','Preview of news 31','Title of News 31','NTP000007'),('NEW000032','Content for news 32',_binary '\0','Preview of news 32','Title of News 32','NTP000007'),('NEW000033','Content for news 33',_binary '\0','Preview of news 33','Title of News 33','NTP000007'),('NEW000034','Content for news 34',_binary '\0','Preview of news 34','Title of News 34','NTP000007'),('NEW000035','Content for news 35',_binary '\0','Preview of news 35','Title of News 35','NTP000007'),('NEW000036','Content for news 36',_binary '\0','Preview of news 36','Title of News 36','NTP000008'),('NEW000037','Content for news 37',_binary '\0','Preview of news 37','Title of News 37','NTP000008'),('NEW000038','Content for news 38',_binary '\0','Preview of news 38','Title of News 38','NTP000008'),('NEW000039','Content for news 39',_binary '\0','Preview of news 39','Title of News 39','NTP000008'),('NEW000040','Content for news 40',_binary '\0','Preview of news 40','Title of News 40','NTP000008'),('NEW000041','Content for news 41',_binary '\0','Preview of news 41','Title of News 41','NTP000009'),('NEW000042','Content for news 42',_binary '\0','Preview of news 42','Title of News 42','NTP000009'),('NEW000043','Content for news 43',_binary '\0','Preview of news 43','Title of News 43','NTP000009'),('NEW000044','Content for news 44',_binary '\0','Preview of news 44','Title of News 44','NTP000009'),('NEW000045','Content for news 45',_binary '\0','Preview of news 45','Title of News 45','NTP000009'),('NEW000046','Content for news 46',_binary '\0','Preview of news 46','Title of News 46','NTP000010'),('NEW000047','Content for news 47',_binary '\0','Preview of news 47','Title of News 47','NTP000010'),('NEW000048','Content for news 48',_binary '\0','Preview of news 48','Title of News 48','NTP000010'),('NEW000049','Content for news 49',_binary '\0','Preview of news 49','Title of News 49','NTP000010'),('NEW000050','Content for news 50',_binary '\0','Preview of news 50','Title of News 50','NTP000010'),('NEW000051','Content for news 51',_binary '\0','Preview of news 51','Title of News 51','NTP000001'),('NEW000052','Content for news 52',_binary '\0','Preview of news 52','Title of News 52','NTP000001'),('NEW000053','Content for news 53',_binary '\0','Preview of news 53','Title of News 53','NTP000001'),('NEW000054','Content for news 54',_binary '\0','Preview of news 54','Title of News 54','NTP000001'),('NEW000055','Content for news 55',_binary '\0','Preview of news 55','Title of News 55','NTP000001'),('NEW000056','Content for news 56',_binary '\0','Preview of news 56','Title of News 56','NTP000002'),('NEW000057','Content for news 57',_binary '\0','Preview of news 57','Title of News 57','NTP000002'),('NEW000058','Content for news 58',_binary '\0','Preview of news 58','Title of News 58','NTP000002'),('NEW000059','Content for news 59',_binary '\0','Preview of news 59','Title of News 59','NTP000002'),('NEW000060','Content for news 60',_binary '\0','Preview of news 60','Title of News 60','NTP000002'),('NEW000061','Content for news 61',_binary '\0','Preview of news 61','Title of News 61','NTP000003'),('NEW000062','Content for news 62',_binary '\0','Preview of news 62','Title of News 62','NTP000003'),('NEW000063','Content for news 63',_binary '\0','Preview of news 63','Title of News 63','NTP000003'),('NEW000064','Content for news 64',_binary '\0','Preview of news 64','Title of News 64','NTP000003'),('NEW000065','Content for news 65',_binary '\0','Preview of news 65','Title of News 65','NTP000003'),('NEW000066','Content for news 66',_binary '\0','Preview of news 66','Title of News 66','NTP000004'),('NEW000067','Content for news 67',_binary '\0','Preview of news 67','Title of News 67','NTP000004'),('NEW000068','Content for news 68',_binary '\0','Preview of news 68','Title of News 68','NTP000004'),('NEW000069','Content for news 69',_binary '\0','Preview of news 69','Title of News 69','NTP000004'),('NEW000070','Content for news 70',_binary '\0','Preview of news 70','Title of News 70','NTP000004'),('NEW000071','Content for news 71',_binary '\0','Preview of news 71','Title of News 71','NTP000005'),('NEW000072','Content for news 72',_binary '\0','Preview of news 72','Title of News 72','NTP000005'),('NEW000073','Content for news 73',_binary '\0','Preview of news 73','Title of News 73','NTP000005'),('NEW000074','Content for news 74',_binary '\0','Preview of news 74','Title of News 74','NTP000005'),('NEW000075','Content for news 75',_binary '\0','Preview of news 75','Title of News 75','NTP000005'),('NEW000076','Content for news 76',_binary '\0','Preview of news 76','Title of News 76','NTP000006'),('NEW000077','Content for news 77',_binary '\0','Preview of news 77','Title of News 77','NTP000006'),('NEW000078','Content for news 78',_binary '\0','Preview of news 78','Title of News 78','NTP000006'),('NEW000079','Content for news 79',_binary '\0','Preview of news 79','Title of News 79','NTP000006'),('NEW000080','Content for news 80',_binary '\0','Preview of news 80','Title of News 80','NTP000006'),('NEW000081','Content for news 81',_binary '\0','Preview of news 81','Title of News 81','NTP000007'),('NEW000082','Content for news 82',_binary '\0','Preview of news 82','Title of News 82','NTP000007'),('NEW000083','Content for news 83',_binary '\0','Preview of news 83','Title of News 83','NTP000007'),('NEW000084','Content for news 84',_binary '\0','Preview of news 84','Title of News 84','NTP000007'),('NEW000085','Content for news 85',_binary '\0','Preview of news 85','Title of News 85','NTP000007'),('NEW000086','Content for news 86',_binary '\0','Preview of news 86','Title of News 86','NTP000008'),('NEW000087','Content for news 87',_binary '\0','Preview of news 87','Title of News 87','NTP000008'),('NEW000088','Content for news 88',_binary '\0','Preview of news 88','Title of News 88','NTP000008'),('NEW000089','Content for news 89',_binary '\0','Preview of news 89','Title of News 89','NTP000008'),('NEW000090','Content for news 90',_binary '\0','Preview of news 90','Title of News 90','NTP000008'),('NEW000091','Content for news 91',_binary '\0','Preview of news 91','Title of News 91','NTP000009'),('NEW000092','Content for news 92',_binary '\0','Preview of news 92','Title of News 92','NTP000009'),('NEW000093','Content for news 93',_binary '\0','Preview of news 93','Title of News 93','NTP000009'),('NEW000094','Content for news 94',_binary '\0','Preview of news 94','Title of News 94','NTP000009'),('NEW000095','Content for news 95',_binary '\0','Preview of news 95','Title of News 95','NTP000009'),('NEW000096','Content for news 96',_binary '\0','Preview of news 96','Title of News 96','NTP000010'),('NEW000097','Content for news 97',_binary '\0','Preview of news 97','Title of News 97','NTP000010'),('NEW000098','Content for news 98',_binary '\0','Preview of news 98','Title of News 98','NTP000010'),('NEW000099','Content for news 99',_binary '\0','Preview of news 99','Title of News 99','NTP000010'),('NEW000100','Content for news 100',_binary '\0','Preview of news 100','Title of News 100','NTP000010');
